NM_MUNICIPIO,NR_VOTAVEL,NM_VOTAVEL,QT_VOTOS
PIRAQUARA,27,JOSE MARIA EYMAEL,7
CAJAMAR,27,JOSE MARIA EYMAEL,10
PRAIA GRANDE,27,JOSE MARIA EYMAEL,46
NOVA IGUAÇU,27,JOSE MARIA EYMAEL,65
SÃO PAULO,27,JOSE MARIA EYMAEL,1689
LIMEIRA,27,JOSE MARIA EYMAEL,33
PEDRA DOURADA,27,JOSE MARIA EYMAEL,2
RIO DE JANEIRO,27,JOSE MARIA EYMAEL,588
ARAPONGAS,27,JOSE MARIA EYMAEL,11
SÃO LOURENÇO DA SERRA,27,JOSE MARIA EYMAEL,4
GUARULHOS,27,JOSE MARIA EYMAEL,212
ITAPETININGA,27,JOSE MARIA EYMAEL,9
DUQUE DE CAXIAS,27,JOSE MARIA EYMAEL,86
JUIZ DE FORA,27,JOSE MARIA EYMAEL,43
CAIUÁ,27,JOSE MARIA EYMAEL,2
SOROCABA,27,JOSE MARIA EYMAEL,84
MOGI DAS CRUZES,27,JOSE MARIA EYMAEL,54
SÃO GONÇALO,27,JOSE MARIA EYMAEL,84
AMERICANA,27,JOSE MARIA EYMAEL,22
SANTO ANDRÉ,27,JOSE MARIA EYMAEL,119
RIBEIRÃO PIRES,27,JOSE MARIA EYMAEL,23
TUIUTI,27,JOSE MARIA EYMAEL,2
GETULINA,27,JOSE MARIA EYMAEL,5
SÃO BERNARDO DO CAMPO,27,JOSE MARIA EYMAEL,120
ATIBAIA,27,JOSE MARIA EYMAEL,19
BRASÍLIA,27,JOSE MARIA EYMAEL,518
ORLEANS,27,JOSE MARIA EYMAEL,3
SERRA,27,JOSE MARIA EYMAEL,63
ASTORGA,27,JOSE MARIA EYMAEL,2
ALVARÃES,27,JOSE MARIA EYMAEL,1
PORTO ALEGRE,27,JOSE MARIA EYMAEL,163
SÃO LUÍS,27,JOSE MARIA EYMAEL,122
CARIACICA,27,JOSE MARIA EYMAEL,50
ARARIPINA,27,JOSE MARIA EYMAEL,2
SALVADOR,27,JOSE MARIA EYMAEL,198
ENGENHEIRO PAULO DE FRONTIN,27,JOSE MARIA EYMAEL,3
COSMÓPOLIS,27,JOSE MARIA EYMAEL,6
MANAUS,27,JOSE MARIA EYMAEL,212
IBITINGA,27,JOSE MARIA EYMAEL,10
ARACRUZ,27,JOSE MARIA EYMAEL,15
GASPAR,27,JOSE MARIA EYMAEL,1
PARNAÍBA,27,JOSE MARIA EYMAEL,8
SÃO JOÃO DO CAIUÁ,27,JOSE MARIA EYMAEL,1
BARRA MANSA,27,JOSE MARIA EYMAEL,43
PASSO FUNDO,27,JOSE MARIA EYMAEL,14
CURITIBA,27,JOSE MARIA EYMAEL,290
TIMBÓ,27,JOSE MARIA EYMAEL,5
SIMÕES,27,JOSE MARIA EYMAEL,3
PORTO UNIÃO,27,JOSE MARIA EYMAEL,4
CONTAGEM,27,JOSE MARIA EYMAEL,59
MONTE AZUL,27,JOSE MARIA EYMAEL,1
VILA VELHA,27,JOSE MARIA EYMAEL,48
BRUSQUE,27,JOSE MARIA EYMAEL,18
MANTENÓPOLIS,27,JOSE MARIA EYMAEL,2
LAURO DE FREITAS,27,JOSE MARIA EYMAEL,13
NAZARÉ DA MATA,27,JOSE MARIA EYMAEL,1
MARINGÁ,27,JOSE MARIA EYMAEL,33
VIAMÃO,27,JOSE MARIA EYMAEL,31
MANHUAÇU,27,JOSE MARIA EYMAEL,11
JOINVILLE,27,JOSE MARIA EYMAEL,58
SÃO GABRIEL,27,JOSE MARIA EYMAEL,5
RIO BRILHANTE,27,JOSE MARIA EYMAEL,5
FLORIANÓPOLIS,27,JOSE MARIA EYMAEL,51
ILHÉUS,27,JOSE MARIA EYMAEL,11
PELOTAS,27,JOSE MARIA EYMAEL,24
TORONTO,27,JOSE MARIA EYMAEL,8
NITERÓI,27,JOSE MARIA EYMAEL,61
UBERLÂNDIA,27,JOSE MARIA EYMAEL,37
CANHOBA,27,JOSE MARIA EYMAEL,1
BELO HORIZONTE,27,JOSE MARIA EYMAEL,215
TRÊS LAGOAS,27,JOSE MARIA EYMAEL,7
LIMOEIRO DO AJURU,27,JOSE MARIA EYMAEL,4
FOZ DO IGUAÇU,27,JOSE MARIA EYMAEL,18
CAMPOS DOS GOYTACAZES,27,JOSE MARIA EYMAEL,48
AREZ,27,JOSE MARIA EYMAEL,2
CAPIVARI,27,JOSE MARIA EYMAEL,7
BURITI BRAVO,27,JOSE MARIA EYMAEL,1
PALMAS,27,JOSE MARIA EYMAEL,35
SIMÕES FILHO,27,JOSE MARIA EYMAEL,7
SÃO SEPÉ,27,JOSE MARIA EYMAEL,1
QUIXERAMOBIM,27,JOSE MARIA EYMAEL,4
CUIABÁ,27,JOSE MARIA EYMAEL,41
MILHÃ,27,JOSE MARIA EYMAEL,2
SÃO CARLOS,27,JOSE MARIA EYMAEL,28
ITAPEVI,27,JOSE MARIA EYMAEL,28
TRIUNFO,27,JOSE MARIA EYMAEL,5
SÃO JOSÉ DE RIBAMAR,27,JOSE MARIA EYMAEL,25
RESENDE,27,JOSE MARIA EYMAEL,12
CARAÚBAS,27,JOSE MARIA EYMAEL,3
PARANÁ,27,JOSE MARIA EYMAEL,2
OURO BRANCO,27,JOSE MARIA EYMAEL,4
AREIA,27,JOSE MARIA EYMAEL,7
MATA DE SÃO JOÃO,27,JOSE MARIA EYMAEL,9
NOVA LIMA,27,JOSE MARIA EYMAEL,11
RECIFE,27,JOSE MARIA EYMAEL,103
MARIA DA FÉ,27,JOSE MARIA EYMAEL,1
TIMÓTEO,27,JOSE MARIA EYMAEL,3
TURVÂNIA,27,JOSE MARIA EYMAEL,1
FORTALEZA,27,JOSE MARIA EYMAEL,142
AURORA DO TOCANTINS,27,JOSE MARIA EYMAEL,1
EUSÉBIO,27,JOSE MARIA EYMAEL,3
PITANGUEIRAS,27,JOSE MARIA EYMAEL,2
ICÓ,27,JOSE MARIA EYMAEL,3
CAMPO GRANDE,27,JOSE MARIA EYMAEL,59
PORTO VELHO,27,JOSE MARIA EYMAEL,62
NATAL,27,JOSE MARIA EYMAEL,67
COTIA,27,JOSE MARIA EYMAEL,37
MIRANGABA,27,JOSE MARIA EYMAEL,2
LISBOA,27,JOSE MARIA EYMAEL,6
PINHAIS,27,JOSE MARIA EYMAEL,21
OLINDA,27,JOSE MARIA EYMAEL,20
GUAXUPÉ,27,JOSE MARIA EYMAEL,8
TREMEMBÉ,27,JOSE MARIA EYMAEL,1
SÃO JOSÉ,27,JOSE MARIA EYMAEL,23
SANTA INÊS,27,JOSE MARIA EYMAEL,9
TANGUÁ,27,JOSE MARIA EYMAEL,3
SANTO ANTÔNIO DA PLATINA,27,JOSE MARIA EYMAEL,1
JACAREÍ,27,JOSE MARIA EYMAEL,34
MONTE AZUL PAULISTA,27,JOSE MARIA EYMAEL,3
ALTINÓPOLIS,27,JOSE MARIA EYMAEL,3
RONDINHA,27,JOSE MARIA EYMAEL,3
NAZARÉ,27,JOSE MARIA EYMAEL,3
CAMPINAS,27,JOSE MARIA EYMAEL,103
MINEIROS,27,JOSE MARIA EYMAEL,5
SANTA BÁRBARA D OESTE,27,JOSE MARIA EYMAEL,21
SANTA RITA DO NOVO DESTINO,27,JOSE MARIA EYMAEL,1
BELÉM,27,JOSE MARIA EYMAEL,106
SANTA HELENA,27,JOSE MARIA EYMAEL,1
GOIÂNIA,27,JOSE MARIA EYMAEL,114
SUMARÉ,27,JOSE MARIA EYMAEL,20
BARUERI,27,JOSE MARIA EYMAEL,48
CANOINHAS,27,JOSE MARIA EYMAEL,6
POUSO ALEGRE,27,JOSE MARIA EYMAEL,13
CABO FRIO,27,JOSE MARIA EYMAEL,28
SABARÁ,27,JOSE MARIA EYMAEL,13
MELGAÇO,27,JOSE MARIA EYMAEL,1
CARAPEBUS,27,JOSE MARIA EYMAEL,3
OSASCO,27,JOSE MARIA EYMAEL,113
ITAQUAQUECETUBA,27,JOSE MARIA EYMAEL,52
VÁRZEA PAULISTA,27,JOSE MARIA EYMAEL,15
CAMPESTRE,27,JOSE MARIA EYMAEL,5
TRÊS MARIAS,27,JOSE MARIA EYMAEL,3
SÃO VICENTE,27,JOSE MARIA EYMAEL,56
FERRAZ DE VASCONCELOS,27,JOSE MARIA EYMAEL,17
CAPIM GROSSO,27,JOSE MARIA EYMAEL,1
MAUÁ,27,JOSE MARIA EYMAEL,47
ARUJÁ,27,JOSE MARIA EYMAEL,12
ANÁPOLIS,27,JOSE MARIA EYMAEL,41
SANTA MARGARIDA,27,JOSE MARIA EYMAEL,1
CARAPICUÍBA,27,JOSE MARIA EYMAEL,45
MARÍLIA,27,JOSE MARIA EYMAEL,13
PETRÓPOLIS,27,JOSE MARIA EYMAEL,40
POÁ,27,JOSE MARIA EYMAEL,10
ITUMBIARA,27,JOSE MARIA EYMAEL,6
ARAÇATUBA,27,JOSE MARIA EYMAEL,11
VALINHOS,27,JOSE MARIA EYMAEL,24
MONGAGUÁ,27,JOSE MARIA EYMAEL,4
FRANCISCO MORATO,27,JOSE MARIA EYMAEL,25
VINHEDO,27,JOSE MARIA EYMAEL,13
TRÊS RIOS,27,JOSE MARIA EYMAEL,6
TAUBATÉ,27,JOSE MARIA EYMAEL,42
PRESIDENTE EPITÁCIO,27,JOSE MARIA EYMAEL,6
SUZANO,27,JOSE MARIA EYMAEL,48
CAXAMBU,27,JOSE MARIA EYMAEL,3
CUNHA,27,JOSE MARIA EYMAEL,1
BIRIGUI,27,JOSE MARIA EYMAEL,7
TABOÃO DA SERRA,27,JOSE MARIA EYMAEL,37
JOÃO PESSOA,27,JOSE MARIA EYMAEL,75
CONDE,27,JOSE MARIA EYMAEL,2
ALVORADA,27,JOSE MARIA EYMAEL,18
SÃO JOAQUIM DO MONTE,27,JOSE MARIA EYMAEL,2
PONTE NOVA,27,JOSE MARIA EYMAEL,1
CACHOEIRO DE ITAPEMIRIM,27,JOSE MARIA EYMAEL,7
EMBU DAS ARTES,27,JOSE MARIA EYMAEL,31
CAMPO MOURÃO,27,JOSE MARIA EYMAEL,5
SÃO JOÃO DA BARRA,27,JOSE MARIA EYMAEL,6
OSÓRIO,27,JOSE MARIA EYMAEL,2
SINOP,27,JOSE MARIA EYMAEL,19
VITÓRIA,27,JOSE MARIA EYMAEL,31
GARIBALDI,27,JOSE MARIA EYMAEL,1
VISEU,27,JOSE MARIA EYMAEL,3
TAUÁ,27,JOSE MARIA EYMAEL,5
ANANINDEUA,27,JOSE MARIA EYMAEL,46
CRUZÍLIA,27,JOSE MARIA EYMAEL,1
ORÓS,27,JOSE MARIA EYMAEL,3
PEDRO CANÁRIO,27,JOSE MARIA EYMAEL,2
PINDAMONHANGABA,27,JOSE MARIA EYMAEL,16
VERANÓPOLIS,27,JOSE MARIA EYMAEL,3
ARACAJU,27,JOSE MARIA EYMAEL,87
MIRACEMA DO TOCANTINS,27,JOSE MARIA EYMAEL,2
CAMPO DO BRITO,27,JOSE MARIA EYMAEL,4
SENADOR GUIOMARD,27,JOSE MARIA EYMAEL,1
PONTE SERRADA,27,JOSE MARIA EYMAEL,3
PICUÍ,27,JOSE MARIA EYMAEL,4
ARAPIRACA,27,JOSE MARIA EYMAEL,12
LAGUNA,27,JOSE MARIA EYMAEL,8
CARANDAÍ,27,JOSE MARIA EYMAEL,6
SORRISO,27,JOSE MARIA EYMAEL,3
PATROCÍNIO,27,JOSE MARIA EYMAEL,44
SÃO BORJA,27,JOSE MARIA EYMAEL,4
CAPITÃO LEÔNIDAS MARQUES,27,JOSE MARIA EYMAEL,1
CUSTÓDIA,27,JOSE MARIA EYMAEL,3
PRESIDENTE DUTRA,27,JOSE MARIA EYMAEL,4
CONCEIÇÃO,27,JOSE MARIA EYMAEL,1
SALESÓPOLIS,27,JOSE MARIA EYMAEL,2
PENALVA,27,JOSE MARIA EYMAEL,1
BRUXELAS,27,JOSE MARIA EYMAEL,1
LARANJAL PAULISTA,27,JOSE MARIA EYMAEL,6
SANTA ROSA,27,JOSE MARIA EYMAEL,5
BURITIS,27,JOSE MARIA EYMAEL,2
MORRINHOS,27,JOSE MARIA EYMAEL,4
FEIRA DE SANTANA,27,JOSE MARIA EYMAEL,61
SANTO ÂNGELO,27,JOSE MARIA EYMAEL,7
NOVO HAMBURGO,27,JOSE MARIA EYMAEL,17
MIGUEL PEREIRA,27,JOSE MARIA EYMAEL,3
TAPEJARA,27,JOSE MARIA EYMAEL,6
IBATIBA,27,JOSE MARIA EYMAEL,5
HUMAITÁ,27,JOSE MARIA EYMAEL,2
MILÃO,27,JOSE MARIA EYMAEL,14
MAFRA,27,JOSE MARIA EYMAEL,8
SANTA ROSA DE VITERBO,27,JOSE MARIA EYMAEL,2
PALOTINA,27,JOSE MARIA EYMAEL,6
MORRO AGUDO,27,JOSE MARIA EYMAEL,2
SANTA TERESA,27,JOSE MARIA EYMAEL,5
PINDORAMA DO TOCANTINS,27,JOSE MARIA EYMAEL,1
VILHENA,27,JOSE MARIA EYMAEL,6
PONTA GROSSA,27,JOSE MARIA EYMAEL,32
PINHALZINHO,27,JOSE MARIA EYMAEL,3
VESPASIANO,27,JOSE MARIA EYMAEL,6
BENEVIDES,27,JOSE MARIA EYMAEL,1
GURUPI,27,JOSE MARIA EYMAEL,11
CANINDÉ,27,JOSE MARIA EYMAEL,5
MACAPÁ,27,JOSE MARIA EYMAEL,41
SANTA CRUZ DE MINAS,27,JOSE MARIA EYMAEL,4
ESPINOSA,27,JOSE MARIA EYMAEL,2
MACEIÓ,27,JOSE MARIA EYMAEL,57
SÃO SIMÃO,27,JOSE MARIA EYMAEL,2
ÁGUAS LINDAS DE GOIÁS,27,JOSE MARIA EYMAEL,12
SÃO TOMÉ,27,JOSE MARIA EYMAEL,3
LONDRINA,27,JOSE MARIA EYMAEL,68
BAGÉ,27,JOSE MARIA EYMAEL,6
DIVINÓPOLIS,27,JOSE MARIA EYMAEL,14
PORTO FERREIRA,27,JOSE MARIA EYMAEL,5
IVORÁ,27,JOSE MARIA EYMAEL,2
GUARATUBA,27,JOSE MARIA EYMAEL,14
SÃO JERÔNIMO,27,JOSE MARIA EYMAEL,2
VITÓRIA DE SANTO ANTÃO,27,JOSE MARIA EYMAEL,5
SANTA BÁRBARA DO LESTE,27,JOSE MARIA EYMAEL,2
RIO BRANCO,27,JOSE MARIA EYMAEL,31
MOCOCA,27,JOSE MARIA EYMAEL,2
JEQUIÁ DA PRAIA,27,JOSE MARIA EYMAEL,1
SÃO CAETANO DO SUL,27,JOSE MARIA EYMAEL,24
PALMEIRA D OESTE,27,JOSE MARIA EYMAEL,1
SÃO JOÃO DE MERITI,27,JOSE MARIA EYMAEL,21
CAPÃO BONITO,27,JOSE MARIA EYMAEL,5
BREJO SANTO,27,JOSE MARIA EYMAEL,6
VICÊNCIA,27,JOSE MARIA EYMAEL,1
CAUCAIA,27,JOSE MARIA EYMAEL,24
PERIQUITO,27,JOSE MARIA EYMAEL,1
TOLEDO,27,JOSE MARIA EYMAEL,13
CAMPOS GERAIS,27,JOSE MARIA EYMAEL,6
SAPUCAÍ-MIRIM,27,JOSE MARIA EYMAEL,3
CASCAVEL,27,JOSE MARIA EYMAEL,30
CARIRA,27,JOSE MARIA EYMAEL,2
ARAUCÁRIA,27,JOSE MARIA EYMAEL,11
PANTANO GRANDE,27,JOSE MARIA EYMAEL,1
ESTEIO,27,JOSE MARIA EYMAEL,11
PARAÍSO DO SUL,27,JOSE MARIA EYMAEL,1
GUAÍRA,27,JOSE MARIA EYMAEL,2
CACHOEIRINHA,27,JOSE MARIA EYMAEL,13
PEIXE,27,JOSE MARIA EYMAEL,2
CAIENA,27,JOSE MARIA EYMAEL,3
ALPESTRE,27,JOSE MARIA EYMAEL,1
LAJES PINTADAS,27,JOSE MARIA EYMAEL,4
MACAMBIRA,27,JOSE MARIA EYMAEL,1
CANDEIAS DO JAMARI,27,JOSE MARIA EYMAEL,1
ITABERABA,27,JOSE MARIA EYMAEL,4
BELFORD ROXO,27,JOSE MARIA EYMAEL,36
CANOAS,27,JOSE MARIA EYMAEL,36
IBIRITÉ,27,JOSE MARIA EYMAEL,18
SÃO JOSÉ DOS PINHAIS,27,JOSE MARIA EYMAEL,39
BLUMENAU,27,JOSE MARIA EYMAEL,27
CABO DE SANTO AGOSTINHO,27,JOSE MARIA EYMAEL,28
BARREIRAS,27,JOSE MARIA EYMAEL,9
VARGEM GRANDE,27,JOSE MARIA EYMAEL,4
ESTÂNCIA,27,JOSE MARIA EYMAEL,9
POMPÉU,27,JOSE MARIA EYMAEL,4
JARAGUÁ DO SUL,27,JOSE MARIA EYMAEL,15
ITABIRA,27,JOSE MARIA EYMAEL,12
BARRA DO CORDA,27,JOSE MARIA EYMAEL,4
CRICIÚMA,27,JOSE MARIA EYMAEL,26
ARAGUAÍNA,27,JOSE MARIA EYMAEL,15
SANTA RITA,27,JOSE MARIA EYMAEL,13
TORITAMA,27,JOSE MARIA EYMAEL,2
CATANDUVA,27,JOSE MARIA EYMAEL,5
IRATI,27,JOSE MARIA EYMAEL,5
ALTO LONGÁ,27,JOSE MARIA EYMAEL,2
LINHARES,27,JOSE MARIA EYMAEL,6
MONTADAS,27,JOSE MARIA EYMAEL,1
JAGUARIAÍVA,27,JOSE MARIA EYMAEL,5
GRAVATÁ,27,JOSE MARIA EYMAEL,1
TUPACIGUARA,27,JOSE MARIA EYMAEL,5
BOA VISTA,27,JOSE MARIA EYMAEL,33
OURO PRETO DO OESTE,27,JOSE MARIA EYMAEL,2
INDIAROBA,27,JOSE MARIA EYMAEL,1
CAXIAS,27,JOSE MARIA EYMAEL,10
IPOJUCA,27,JOSE MARIA EYMAEL,11
SÃO LEOPOLDO,27,JOSE MARIA EYMAEL,15
SANTA CECÍLIA DO PAVÃO,27,JOSE MARIA EYMAEL,2
BOSTON,27,JOSE MARIA EYMAEL,7
TÓQUIO,27,JOSE MARIA EYMAEL,38
FAZENDA RIO GRANDE,27,JOSE MARIA EYMAEL,16
NAGÓIA,27,JOSE MARIA EYMAEL,35
PORTO,27,JOSE MARIA EYMAEL,9
PRESIDENTE PRUDENTE,27,JOSE MARIA EYMAEL,17
GUABIRUBA,27,JOSE MARIA EYMAEL,11
VITÓRIA DA CONQUISTA,27,JOSE MARIA EYMAEL,34
PENDÊNCIAS,27,JOSE MARIA EYMAEL,2
PRATÂNIA,27,JOSE MARIA EYMAEL,1
ABAETETUBA,27,JOSE MARIA EYMAEL,7
CABEDELO,27,JOSE MARIA EYMAEL,6
TEODORO SAMPAIO,27,JOSE MARIA EYMAEL,1
CROATÁ,27,JOSE MARIA EYMAEL,5
MALTA,27,JOSE MARIA EYMAEL,1
ORIZONA,27,JOSE MARIA EYMAEL,2
SÃO JOSÉ DOS CAMPOS,27,JOSE MARIA EYMAEL,84
ITATIAIUÇU,27,JOSE MARIA EYMAEL,1
GUANAMBI,27,JOSE MARIA EYMAEL,3
EMBU-GUAÇU,27,JOSE MARIA EYMAEL,5
CRAVINHOS,27,JOSE MARIA EYMAEL,7
LIDIANÓPOLIS,27,JOSE MARIA EYMAEL,2
VARZEDO,27,JOSE MARIA EYMAEL,2
CAÇAPAVA DO SUL,27,JOSE MARIA EYMAEL,1
MATIAS BARBOSA,27,JOSE MARIA EYMAEL,4
MUNIQUE,27,JOSE MARIA EYMAEL,4
CRUZEIRO,27,JOSE MARIA EYMAEL,7
GOVERNADOR CELSO RAMOS,27,JOSE MARIA EYMAEL,1
FRANCA,27,JOSE MARIA EYMAEL,15
BERTIOGA,27,JOSE MARIA EYMAEL,10
VARGEM GRANDE DO SUL,27,JOSE MARIA EYMAEL,4
LIBERDADE,27,JOSE MARIA EYMAEL,1
ITARARÉ,27,JOSE MARIA EYMAEL,7
ITAIÓPOLIS,27,JOSE MARIA EYMAEL,3
CUBATÃO,27,JOSE MARIA EYMAEL,15
MARICÁ,27,JOSE MARIA EYMAEL,18
TOUROS,27,JOSE MARIA EYMAEL,2
BETIM,27,JOSE MARIA EYMAEL,25
MONTES CLAROS,27,JOSE MARIA EYMAEL,27
ARMAÇÃO DOS BÚZIOS,27,JOSE MARIA EYMAEL,6
GUAPORÉ,27,JOSE MARIA EYMAEL,3
PIRACICABA,27,JOSE MARIA EYMAEL,46
CRISTÓPOLIS,27,JOSE MARIA EYMAEL,1
JANDIRA,27,JOSE MARIA EYMAEL,15
GUARAREMA,27,JOSE MARIA EYMAEL,1
PAULÍNIA,27,JOSE MARIA EYMAEL,23
SERTÃOZINHO,27,JOSE MARIA EYMAEL,6
LAJEDÃO,27,JOSE MARIA EYMAEL,2
NILO PEÇANHA,27,JOSE MARIA EYMAEL,2
ITAUEIRA,27,JOSE MARIA EYMAEL,1
VÁRZEA ALEGRE,27,JOSE MARIA EYMAEL,3
FORQUILHINHA,27,JOSE MARIA EYMAEL,1
GILBUÉS,27,JOSE MARIA EYMAEL,2
MACHADO,27,JOSE MARIA EYMAEL,3
CRISTINO CASTRO,27,JOSE MARIA EYMAEL,1
JABOATÃO DOS GUARARAPES,27,JOSE MARIA EYMAEL,34
ABREU E LIMA,27,JOSE MARIA EYMAEL,10
NILÓPOLIS,27,JOSE MARIA EYMAEL,16
TUTÓIA,27,JOSE MARIA EYMAEL,5
CAETITÉ,27,JOSE MARIA EYMAEL,6
VÁRZEA GRANDE,27,JOSE MARIA EYMAEL,12
MARECHAL CÂNDIDO RONDON,27,JOSE MARIA EYMAEL,12
RIO CLARO,27,JOSE MARIA EYMAEL,21
CAPANEMA,27,JOSE MARIA EYMAEL,4
MONÇÃO,27,JOSE MARIA EYMAEL,4
REMANSO,27,JOSE MARIA EYMAEL,4
ARARANGUÁ,27,JOSE MARIA EYMAEL,4
ABATIÁ,27,JOSE MARIA EYMAEL,2
CABECEIRAS DO PIAUÍ,27,JOSE MARIA EYMAEL,2
BARRA DO GARÇAS,27,JOSE MARIA EYMAEL,4
MARABÁ,27,JOSE MARIA EYMAEL,11
LÁBREA,27,JOSE MARIA EYMAEL,3
XANXERÊ,27,JOSE MARIA EYMAEL,3
MAGÉ,27,JOSE MARIA EYMAEL,18
SANTO AMARO DA IMPERATRIZ,27,JOSE MARIA EYMAEL,3
SÃO LOURENÇO,27,JOSE MARIA EYMAEL,6
SÃO JOAQUIM,27,JOSE MARIA EYMAEL,2
ESTRELA DE ALAGOAS,27,JOSE MARIA EYMAEL,5
CAMPINA GRANDE,27,JOSE MARIA EYMAEL,46
ITAPECURU MIRIM,27,JOSE MARIA EYMAEL,5
TABAPORÃ,27,JOSE MARIA EYMAEL,1
ÁGUIA BRANCA,27,JOSE MARIA EYMAEL,5
BOM JESUS DA LAPA,27,JOSE MARIA EYMAEL,7
SANTOS,27,JOSE MARIA EYMAEL,53
PIRANGUINHO,27,JOSE MARIA EYMAEL,2
SIMÃO DIAS,27,JOSE MARIA EYMAEL,3
ITAPEMA,27,JOSE MARIA EYMAEL,4
EXTREMA,27,JOSE MARIA EYMAEL,8
ITU,27,JOSE MARIA EYMAEL,10
VIENA,27,JOSE MARIA EYMAEL,3
SONORA,27,JOSE MARIA EYMAEL,1
IPATINGA,27,JOSE MARIA EYMAEL,8
JARDINÓPOLIS,27,JOSE MARIA EYMAEL,3
CAPIVARI DE BAIXO,27,JOSE MARIA EYMAEL,5
SÃO FRANCISCO DO SUL,27,JOSE MARIA EYMAEL,4
NOSSA SENHORA DO SOCORRO,27,JOSE MARIA EYMAEL,12
ITAJUBÁ,27,JOSE MARIA EYMAEL,6
MONTE MOR,27,JOSE MARIA EYMAEL,8
MARIÓPOLIS,27,JOSE MARIA EYMAEL,1
EXTREMOZ,27,JOSE MARIA EYMAEL,4
RIO VERDE,27,JOSE MARIA EYMAEL,5
ITAPIPOCA,27,JOSE MARIA EYMAEL,7
TRAMANDAÍ,27,JOSE MARIA EYMAEL,3
CAMPANHA,27,JOSE MARIA EYMAEL,3
TIMBAÚBA DOS BATISTAS,27,JOSE MARIA EYMAEL,1
PLANALTO,27,JOSE MARIA EYMAEL,2
CERQUILHO,27,JOSE MARIA EYMAEL,2
VIANA,27,JOSE MARIA EYMAEL,16
PETROLINA,27,JOSE MARIA EYMAEL,14
SANTA MARIA MADALENA,27,JOSE MARIA EYMAEL,2
PIRENÓPOLIS,27,JOSE MARIA EYMAEL,3
JUNDIAÍ,27,JOSE MARIA EYMAEL,55
PEIXOTO DE AZEVEDO,27,JOSE MARIA EYMAEL,2
RIO DAS PEDRAS,27,JOSE MARIA EYMAEL,3
HAMAMATSU,27,JOSE MARIA EYMAEL,14
CAMAQUÃ,27,JOSE MARIA EYMAEL,7
SCHROEDER,27,JOSE MARIA EYMAEL,2
LUCRÉCIA,27,JOSE MARIA EYMAEL,1
CACULÉ,27,JOSE MARIA EYMAEL,1
GUIMARÂNIA,27,JOSE MARIA EYMAEL,3
SÃO DOMINGOS,27,JOSE MARIA EYMAEL,3
SÃO JOAQUIM DE BICAS,27,JOSE MARIA EYMAEL,2
BIRITIBA MIRIM,27,JOSE MARIA EYMAEL,6
OLINDINA,27,JOSE MARIA EYMAEL,5
LAGES,27,JOSE MARIA EYMAEL,14
MOGI GUAÇU,27,JOSE MARIA EYMAEL,11
BRAGANÇA PAULISTA,27,JOSE MARIA EYMAEL,21
MANDIRITUBA,27,JOSE MARIA EYMAEL,2
TRINDADE,27,JOSE MARIA EYMAEL,12
URUGUAIANA,27,JOSE MARIA EYMAEL,5
BEIRUTE,27,JOSE MARIA EYMAEL,6
ALTO PARAÍSO,27,JOSE MARIA EYMAEL,2
DIADEMA,27,JOSE MARIA EYMAEL,46
INDAIATUBA,27,JOSE MARIA EYMAEL,21
CABREÚVA,27,JOSE MARIA EYMAEL,3
GUARDA-MOR,27,JOSE MARIA EYMAEL,1
CAXIAS DO SUL,27,JOSE MARIA EYMAEL,37
JABOTICABAL,27,JOSE MARIA EYMAEL,5
ELÓI MENDES,27,JOSE MARIA EYMAEL,3
JEQUITINHONHA,27,JOSE MARIA EYMAEL,4
GUARUJÁ,27,JOSE MARIA EYMAEL,20
OSVALDO CRUZ,27,JOSE MARIA EYMAEL,9
RIO DAS OSTRAS,27,JOSE MARIA EYMAEL,12
BOITUVA,27,JOSE MARIA EYMAEL,9
ITATIBA,27,JOSE MARIA EYMAEL,15
NOVA FRIBURGO,27,JOSE MARIA EYMAEL,17
VACARIA,27,JOSE MARIA EYMAEL,8
ARROIO DO TIGRE,27,JOSE MARIA EYMAEL,2
SÃO PEDRO DA ALDEIA,27,JOSE MARIA EYMAEL,13
TOCANTINS,27,JOSE MARIA EYMAEL,2
CÂNDIDO SALES,27,JOSE MARIA EYMAEL,6
PAINEIRAS,27,JOSE MARIA EYMAEL,1
IPU,27,JOSE MARIA EYMAEL,7
UNIÃO DA VITÓRIA,27,JOSE MARIA EYMAEL,9
MOSSORÓ,27,JOSE MARIA EYMAEL,22
JACAREZINHO,27,JOSE MARIA EYMAEL,4
RIBEIRÃO DAS NEVES,27,JOSE MARIA EYMAEL,27
CRISTAIS,27,JOSE MARIA EYMAEL,1
ARARAQUARA,27,JOSE MARIA EYMAEL,26
IPAUSSU,27,JOSE MARIA EYMAEL,1
ANALÂNDIA,27,JOSE MARIA EYMAEL,1
ARARAS,27,JOSE MARIA EYMAEL,15
NOVA ANDRADINA,27,JOSE MARIA EYMAEL,1
PEDRO II,27,JOSE MARIA EYMAEL,4
PORTO DA FOLHA,27,JOSE MARIA EYMAEL,5
MONTANHA,27,JOSE MARIA EYMAEL,1
ECOPORANGA,27,JOSE MARIA EYMAEL,2
LICÍNIO DE ALMEIDA,27,JOSE MARIA EYMAEL,1
SÃO BENTO,27,JOSE MARIA EYMAEL,5
TRÊS PASSOS,27,JOSE MARIA EYMAEL,1
JUPI,27,JOSE MARIA EYMAEL,1
ITAMARAJU,27,JOSE MARIA EYMAEL,2
RIBEIRÃO,27,JOSE MARIA EYMAEL,2
JUAZEIRO DO NORTE,27,JOSE MARIA EYMAEL,10
IBAITI,27,JOSE MARIA EYMAEL,3
CAPITÃO POÇO,27,JOSE MARIA EYMAEL,1
SANTA LUZIA,27,JOSE MARIA EYMAEL,17
TIMON,27,JOSE MARIA EYMAEL,16
SERRINHA,27,JOSE MARIA EYMAEL,4
MANDAGUAÇU,27,JOSE MARIA EYMAEL,2
TERESINA,27,JOSE MARIA EYMAEL,46
CODÓ,27,JOSE MARIA EYMAEL,7
ARARUAMA,27,JOSE MARIA EYMAEL,10
ITAPEVA,27,JOSE MARIA EYMAEL,6
POÇO VERDE,27,JOSE MARIA EYMAEL,4
ASSUNÇÃO,27,JOSE MARIA EYMAEL,2
BREJETUBA,27,JOSE MARIA EYMAEL,2
ITAÚNA,27,JOSE MARIA EYMAEL,13
JANUÁRIA,27,JOSE MARIA EYMAEL,4
PICOS,27,JOSE MARIA EYMAEL,4
IRETAMA,27,JOSE MARIA EYMAEL,2
CANUTAMA,27,JOSE MARIA EYMAEL,2
MEDICILÂNDIA,27,JOSE MARIA EYMAEL,1
CHAPADINHA,27,JOSE MARIA EYMAEL,3
MARILÂNDIA,27,JOSE MARIA EYMAEL,1
JATAÍ,27,JOSE MARIA EYMAEL,6
RIBEIRÃO PRETO,27,JOSE MARIA EYMAEL,37
SÃO JOSÉ DO RIO PRETO,27,JOSE MARIA EYMAEL,39
ITAJAÍ,27,JOSE MARIA EYMAEL,25
ARCOS,27,JOSE MARIA EYMAEL,5
PEREIRA BARRETO,27,JOSE MARIA EYMAEL,2
PAULISTA,27,JOSE MARIA EYMAEL,15
JOSÉ BONIFÁCIO,27,JOSE MARIA EYMAEL,2
UBÁ,27,JOSE MARIA EYMAEL,13
PORTO SEGURO,27,JOSE MARIA EYMAEL,7
SÃO MIGUEL DOS MILAGRES,27,JOSE MARIA EYMAEL,1
CAARAPÓ,27,JOSE MARIA EYMAEL,3
JUAZEIRO,27,JOSE MARIA EYMAEL,11
CAMBÉ,27,JOSE MARIA EYMAEL,14
CORONEL FABRICIANO,27,JOSE MARIA EYMAEL,8
DORES DE CAMPOS,27,JOSE MARIA EYMAEL,4
CURVELO,27,JOSE MARIA EYMAEL,8
FORMOSA,27,JOSE MARIA EYMAEL,4
SÃO GONÇALO DO AMARANTE,27,JOSE MARIA EYMAEL,7
BOA VIAGEM,27,JOSE MARIA EYMAEL,4
BONITO DE SANTA FÉ,27,JOSE MARIA EYMAEL,1
JI-PARANÁ,27,JOSE MARIA EYMAEL,6
IPAUMIRIM,27,JOSE MARIA EYMAEL,2
RITÁPOLIS,27,JOSE MARIA EYMAEL,2
BURITINÓPOLIS,27,JOSE MARIA EYMAEL,1
CLÁUDIO,27,JOSE MARIA EYMAEL,2
UBATUBA,27,JOSE MARIA EYMAEL,9
MARTINS SOARES,27,JOSE MARIA EYMAEL,1
CASA NOVA,27,JOSE MARIA EYMAEL,1
PITANGA,27,JOSE MARIA EYMAEL,2
ALTO HORIZONTE,27,JOSE MARIA EYMAEL,1
ESTRELA DO NORTE,27,JOSE MARIA EYMAEL,1
CAPÃO DA CANOA,27,JOSE MARIA EYMAEL,6
SÃO JOÃO DO PARAÍSO,27,JOSE MARIA EYMAEL,1
FRONTEIRA DOS VALES,27,JOSE MARIA EYMAEL,1
PARACATU,27,JOSE MARIA EYMAEL,6
PARNAMIRIM,27,JOSE MARIA EYMAEL,19
ADUSTINA,27,JOSE MARIA EYMAEL,1
GUARUJÁ DO SUL,27,JOSE MARIA EYMAEL,2
CONCEIÇÃO DO RIO VERDE,27,JOSE MARIA EYMAEL,1
TERESÓPOLIS,27,JOSE MARIA EYMAEL,16
RIO REAL,27,JOSE MARIA EYMAEL,2
BITURUNA,27,JOSE MARIA EYMAEL,1
CONCHAS,27,JOSE MARIA EYMAEL,2
PIRASSUNUNGA,27,JOSE MARIA EYMAEL,4
SANTA LÚCIA,27,JOSE MARIA EYMAEL,2
ASSIS,27,JOSE MARIA EYMAEL,8
AMPARO,27,JOSE MARIA EYMAEL,11
CAÇAPAVA,27,JOSE MARIA EYMAEL,18
MATIPÓ,27,JOSE MARIA EYMAEL,4
RIO BONITO,27,JOSE MARIA EYMAEL,5
ITATINGA,27,JOSE MARIA EYMAEL,3
SÃO GONÇALO DO PARÁ,27,JOSE MARIA EYMAEL,2
SÃO FRANCISCO DO CONDE,27,JOSE MARIA EYMAEL,5
AVARÉ,27,JOSE MARIA EYMAEL,10
CERRO AZUL,27,JOSE MARIA EYMAEL,1
GUARACI,27,JOSE MARIA EYMAEL,2
FRANCO DA ROCHA,27,JOSE MARIA EYMAEL,16
CORDEIRO,27,JOSE MARIA EYMAEL,1
MONTE ALTO,27,JOSE MARIA EYMAEL,2
ACARAPE,27,JOSE MARIA EYMAEL,1
CAMPINÁPOLIS,27,JOSE MARIA EYMAEL,1
COLATINA,27,JOSE MARIA EYMAEL,13
REDENÇÃO DO GURGUÉIA,27,JOSE MARIA EYMAEL,1
OEIRAS,27,JOSE MARIA EYMAEL,1
GUAÇUÍ,27,JOSE MARIA EYMAEL,3
GUAPIMIRIM,27,JOSE MARIA EYMAEL,6
BARAÚNA,27,JOSE MARIA EYMAEL,3
NOVA ERA,27,JOSE MARIA EYMAEL,2
TUPÃ,27,JOSE MARIA EYMAEL,3
LAJEADO NOVO,27,JOSE MARIA EYMAEL,1
INHAMBUPE,27,JOSE MARIA EYMAEL,2
IMPERATRIZ,27,JOSE MARIA EYMAEL,19
IPUMIRIM,27,JOSE MARIA EYMAEL,4
CAPINZAL,27,JOSE MARIA EYMAEL,1
TAQUARA,27,JOSE MARIA EYMAEL,4
VIÇOSA DO CEARÁ,27,JOSE MARIA EYMAEL,4
IAÇU,27,JOSE MARIA EYMAEL,1
DUAS ESTRADAS,27,JOSE MARIA EYMAEL,2
SALINAS,27,JOSE MARIA EYMAEL,2
RESERVA,27,JOSE MARIA EYMAEL,7
COROMANDEL,27,JOSE MARIA EYMAEL,6
SOURE,27,JOSE MARIA EYMAEL,1
AMSTERDÃ,27,JOSE MARIA EYMAEL,3
BELO JARDIM,27,JOSE MARIA EYMAEL,6
CORDEIRÓPOLIS,27,JOSE MARIA EYMAEL,3
CURUÇÁ,27,JOSE MARIA EYMAEL,3
LAJEADO,27,JOSE MARIA EYMAEL,7
TRÊS COROAS,27,JOSE MARIA EYMAEL,8
MONTE CASTELO,27,JOSE MARIA EYMAEL,1
REDENÇÃO,27,JOSE MARIA EYMAEL,6
POÇOS DE CALDAS,27,JOSE MARIA EYMAEL,9
ITAPORANGA D AJUDA,27,JOSE MARIA EYMAEL,3
PEDRA DO INDAIÁ,27,JOSE MARIA EYMAEL,1
OURO VERDE DE GOIÁS,27,JOSE MARIA EYMAEL,1
ESPERANÇA,27,JOSE MARIA EYMAEL,2
AREIAL,27,JOSE MARIA EYMAEL,1
CACOAL,27,JOSE MARIA EYMAEL,6
PAÇO DO LUMIAR,27,JOSE MARIA EYMAEL,12
PETROLÂNDIA,27,JOSE MARIA EYMAEL,3
BEBERIBE,27,JOSE MARIA EYMAEL,4
IPERÓ,27,JOSE MARIA EYMAEL,8
SAPUCAIA DO SUL,27,JOSE MARIA EYMAEL,15
CONCÓRDIA,27,JOSE MARIA EYMAEL,6
CAMBARÁ,27,JOSE MARIA EYMAEL,1
PINHAL DE SÃO BENTO,27,JOSE MARIA EYMAEL,1
PERDIZES,27,JOSE MARIA EYMAEL,6
MURIAÉ,27,JOSE MARIA EYMAEL,15
CORAÇÃO DE JESUS,27,JOSE MARIA EYMAEL,1
CAMARAGIBE,27,JOSE MARIA EYMAEL,7
IGARAÇU DO TIETÊ,27,JOSE MARIA EYMAEL,2
CHAPECÓ,27,JOSE MARIA EYMAEL,16
IVAIPORÃ,27,JOSE MARIA EYMAEL,4
CIDADE OCIDENTAL,27,JOSE MARIA EYMAEL,11
CACHOEIRA,27,JOSE MARIA EYMAEL,2
SANTA CRUZ DE SALINAS,27,JOSE MARIA EYMAEL,2
BERNARDINO DE CAMPOS,27,JOSE MARIA EYMAEL,1
CARDOSO,27,JOSE MARIA EYMAEL,1
SÃO JOSÉ DO EGITO,27,JOSE MARIA EYMAEL,2
MAJOR ISIDORO,27,JOSE MARIA EYMAEL,2
SETE LAGOAS,27,JOSE MARIA EYMAEL,14
IGUAPE,27,JOSE MARIA EYMAEL,2
CARMO,27,JOSE MARIA EYMAEL,1
DIVISA NOVA,27,JOSE MARIA EYMAEL,1
CONCEIÇÃO DAS ALAGOAS,27,JOSE MARIA EYMAEL,1
APARECIDA DE GOIÂNIA,27,JOSE MARIA EYMAEL,28
NATIVIDADE,27,JOSE MARIA EYMAEL,2
GRAVATAÍ,27,JOSE MARIA EYMAEL,23
LAGOA FORMOSA,27,JOSE MARIA EYMAEL,5
DOUTOR RICARDO,27,JOSE MARIA EYMAEL,2
PERUÍBE,27,JOSE MARIA EYMAEL,14
ARAMBARÉ,27,JOSE MARIA EYMAEL,1
NOBRES,27,JOSE MARIA EYMAEL,3
SÃO JOÃO DEL REI,27,JOSE MARIA EYMAEL,9
CAMPO GRANDE DO PIAUÍ,27,JOSE MARIA EYMAEL,3
BOM RETIRO,27,JOSE MARIA EYMAEL,1
QUEDAS DO IGUAÇU,27,JOSE MARIA EYMAEL,3
TEIXEIRAS,27,JOSE MARIA EYMAEL,1
GUARANTÃ DO NORTE,27,JOSE MARIA EYMAEL,5
DOURADOS,27,JOSE MARIA EYMAEL,12
IPÊ,27,JOSE MARIA EYMAEL,2
SANT ANA DO LIVRAMENTO,27,JOSE MARIA EYMAEL,7
ITABORAÍ,27,JOSE MARIA EYMAEL,17
ANAJATUBA,27,JOSE MARIA EYMAEL,1
SEARA,27,JOSE MARIA EYMAEL,3
LAVRAS,27,JOSE MARIA EYMAEL,12
CAICÓ,27,JOSE MARIA EYMAEL,5
AREIÓPOLIS,27,JOSE MARIA EYMAEL,1
JUTI,27,JOSE MARIA EYMAEL,1
MANGARATIBA,27,JOSE MARIA EYMAEL,3
CAMAÇARI,27,JOSE MARIA EYMAEL,17
SÃO MIGUEL DO PASSA QUATRO,27,JOSE MARIA EYMAEL,1
SANTO ANTÔNIO DE PÁDUA,27,JOSE MARIA EYMAEL,4
VÁRZEA DA PALMA,27,JOSE MARIA EYMAEL,2
ARARICÁ,27,JOSE MARIA EYMAEL,1
SANTA QUITÉRIA,27,JOSE MARIA EYMAEL,4
RIO GRANDE,27,JOSE MARIA EYMAEL,14
IRANI,27,JOSE MARIA EYMAEL,1
LAPA,27,JOSE MARIA EYMAEL,3
AGUAÍ,27,JOSE MARIA EYMAEL,2
DUQUE BACELAR,27,JOSE MARIA EYMAEL,1
COROATÁ,27,JOSE MARIA EYMAEL,2
GUARABIRA,27,JOSE MARIA EYMAEL,3
DIAMANTINA,27,JOSE MARIA EYMAEL,2
CAMPO BOM,27,JOSE MARIA EYMAEL,5
CAMPOS LINDOS,27,JOSE MARIA EYMAEL,2
RIACHÃO DO DANTAS,27,JOSE MARIA EYMAEL,2
BACABAL,27,JOSE MARIA EYMAEL,6
CASTANHAL,27,JOSE MARIA EYMAEL,9
GUARAPUAVA,27,JOSE MARIA EYMAEL,13
CERRO GRANDE DO SUL,27,JOSE MARIA EYMAEL,7
PALMEIRA,27,JOSE MARIA EYMAEL,6
CORNÉLIO PROCÓPIO,27,JOSE MARIA EYMAEL,11
JAÚ,27,JOSE MARIA EYMAEL,11
RUBIATABA,27,JOSE MARIA EYMAEL,3
ITANHAÉM,27,JOSE MARIA EYMAEL,15
QUARAÍ,27,JOSE MARIA EYMAEL,3
LAGOA SANTA,27,JOSE MARIA EYMAEL,10
MASSAPÊ,27,JOSE MARIA EYMAEL,2
SÍTIO D ABADIA,27,JOSE MARIA EYMAEL,1
UBERABA,27,JOSE MARIA EYMAEL,15
ITABUNA,27,JOSE MARIA EYMAEL,12
BAURU,27,JOSE MARIA EYMAEL,47
SANTO ANTÔNIO,27,JOSE MARIA EYMAEL,3
SATUBA,27,JOSE MARIA EYMAEL,2
SIRINHAÉM,27,JOSE MARIA EYMAEL,3
PRESIDENTE OLEGÁRIO,27,JOSE MARIA EYMAEL,2
VALPARAÍSO DE GOIÁS,27,JOSE MARIA EYMAEL,10
PALMEIRAS,27,JOSE MARIA EYMAEL,1
ESTAÇÃO,27,JOSE MARIA EYMAEL,1
SANTA RITA DE JACUTINGA,27,JOSE MARIA EYMAEL,1
TUBARÃO,27,JOSE MARIA EYMAEL,9
OURINHOS,27,JOSE MARIA EYMAEL,4
PRATINHA,27,JOSE MARIA EYMAEL,1
SÃO GERALDO DO BAIXIO,27,JOSE MARIA EYMAEL,1
ITUPEVA,27,JOSE MARIA EYMAEL,4
FLORÂNIA,27,JOSE MARIA EYMAEL,2
SÃO MANUEL,27,JOSE MARIA EYMAEL,6
POÇÕES,27,JOSE MARIA EYMAEL,1
VISTA ALEGRE DO ALTO,27,JOSE MARIA EYMAEL,1
PERDÕES,27,JOSE MARIA EYMAEL,2
ARCOVERDE,27,JOSE MARIA EYMAEL,1
QUEIMADOS,27,JOSE MARIA EYMAEL,11
CEARÁ-MIRIM,27,JOSE MARIA EYMAEL,1
LUIZIÂNIA,27,JOSE MARIA EYMAEL,1
PARATY,27,JOSE MARIA EYMAEL,1
CHAPADA DO NORTE,27,JOSE MARIA EYMAEL,2
SÃO LUÍS DE MONTES BELOS,27,JOSE MARIA EYMAEL,1
ESPÍRITO SANTO DO PINHAL,27,JOSE MARIA EYMAEL,3
RODEIRO,27,JOSE MARIA EYMAEL,2
JOAQUIM TÁVORA,27,JOSE MARIA EYMAEL,2
RIBEIRA,27,JOSE MARIA EYMAEL,1
VOLTA REDONDA,27,JOSE MARIA EYMAEL,31
BOTUCATU,27,JOSE MARIA EYMAEL,19
GUATAPARÁ,27,JOSE MARIA EYMAEL,2
CAIABU,27,JOSE MARIA EYMAEL,1
TATUÍ,27,JOSE MARIA EYMAEL,7
ITAPUÍ,27,JOSE MARIA EYMAEL,2
TIJUCAS,27,JOSE MARIA EYMAEL,2
DOIS IRMÃOS,27,JOSE MARIA EYMAEL,3
LAGOA DA PRATA,27,JOSE MARIA EYMAEL,4
MENDES,27,JOSE MARIA EYMAEL,1
JAICÓS,27,JOSE MARIA EYMAEL,1
SÃO LUIZ GONZAGA,27,JOSE MARIA EYMAEL,2
BRAGA,27,JOSE MARIA EYMAEL,2
ÁGUA DOCE,27,JOSE MARIA EYMAEL,2
ENVIRA,27,JOSE MARIA EYMAEL,3
UNIÃO,27,JOSE MARIA EYMAEL,2
SOBRAL,27,JOSE MARIA EYMAEL,4
MACARANI,27,JOSE MARIA EYMAEL,1
DELMIRO GOUVEIA,27,JOSE MARIA EYMAEL,6
JEQUITIBÁ,27,JOSE MARIA EYMAEL,2
IRACEMÁPOLIS,27,JOSE MARIA EYMAEL,4
GRAJAÚ,27,JOSE MARIA EYMAEL,2
COARI,27,JOSE MARIA EYMAEL,7
ATALAIA DO NORTE,27,JOSE MARIA EYMAEL,1
NOVA VENÉCIA,27,JOSE MARIA EYMAEL,8
UBAITABA,27,JOSE MARIA EYMAEL,2
COTRIGUAÇU,27,JOSE MARIA EYMAEL,1
CUJUBIM,27,JOSE MARIA EYMAEL,1
FRANKFURT,27,JOSE MARIA EYMAEL,8
NOVA YORK,27,JOSE MARIA EYMAEL,3
BUCARESTE,27,JOSE MARIA EYMAEL,1
CAMPO LARGO,27,JOSE MARIA EYMAEL,17
SOBRADINHO,27,JOSE MARIA EYMAEL,1
ARARI,27,JOSE MARIA EYMAEL,2
COXIM,27,JOSE MARIA EYMAEL,3
PASSOS,27,JOSE MARIA EYMAEL,5
PARANAVAÍ,27,JOSE MARIA EYMAEL,4
VAZANTE,27,JOSE MARIA EYMAEL,2
TRÊS CORAÇÕES,27,JOSE MARIA EYMAEL,18
ALAGOINHAS,27,JOSE MARIA EYMAEL,4
CAIEIRAS,27,JOSE MARIA EYMAEL,7
TEIXEIRA DE FREITAS,27,JOSE MARIA EYMAEL,2
FERNANDO FALCÃO,27,JOSE MARIA EYMAEL,1
JOAÇABA,27,JOSE MARIA EYMAEL,4
BALNEÁRIO CAMBORIÚ,27,JOSE MARIA EYMAEL,8
IÚNA,27,JOSE MARIA EYMAEL,2
VARGEM ALTA,27,JOSE MARIA EYMAEL,3
COLOMBO,27,JOSE MARIA EYMAEL,21
NOVA LONDRINA,27,JOSE MARIA EYMAEL,2
ALTO BOA VISTA,27,JOSE MARIA EYMAEL,1
WANDERLÂNDIA,27,JOSE MARIA EYMAEL,3
LAGOA DO CARRO,27,JOSE MARIA EYMAEL,1
PEDRA PRETA,27,JOSE MARIA EYMAEL,3
OIAPOQUE,27,JOSE MARIA EYMAEL,2
ÓBIDOS,27,JOSE MARIA EYMAEL,3
NOVA PORTEIRINHA,27,JOSE MARIA EYMAEL,1
ANAPURUS,27,JOSE MARIA EYMAEL,5
PEDRA AZUL,27,JOSE MARIA EYMAEL,4
TIMBAÚBA,27,JOSE MARIA EYMAEL,5
AMETISTA DO SUL,27,JOSE MARIA EYMAEL,1
PORTÃO,27,JOSE MARIA EYMAEL,3
PALMITAL,27,JOSE MARIA EYMAEL,2
SUMÉ,27,JOSE MARIA EYMAEL,1
TAPIRAÍ,27,JOSE MARIA EYMAEL,3
MATO RICO,27,JOSE MARIA EYMAEL,1
SANTO ANTÔNIO DO AMPARO,27,JOSE MARIA EYMAEL,3
URUCUIA,27,JOSE MARIA EYMAEL,1
SÃO FRANCISCO DO GUAPORÉ,27,JOSE MARIA EYMAEL,1
POÇO FUNDO,27,JOSE MARIA EYMAEL,1
PATO BRANCO,27,JOSE MARIA EYMAEL,5
BOA VISTA DO BURICÁ,27,JOSE MARIA EYMAEL,1
BAMBUÍ,27,JOSE MARIA EYMAEL,2
JAPERI,27,JOSE MARIA EYMAEL,5
PARAIBUNA,27,JOSE MARIA EYMAEL,3
PINDAÍ,27,JOSE MARIA EYMAEL,1
PASSO DO SOBRADO,27,JOSE MARIA EYMAEL,1
VERMELHO NOVO,27,JOSE MARIA EYMAEL,1
MIRADOURO,27,JOSE MARIA EYMAEL,3
CONSELHEIRO LAFAIETE,27,JOSE MARIA EYMAEL,9
PRADO,27,JOSE MARIA EYMAEL,3
ILHABELA,27,JOSE MARIA EYMAEL,5
ITABERÁ,27,JOSE MARIA EYMAEL,1
ITALVA,27,JOSE MARIA EYMAEL,1
SÃO ROQUE,27,JOSE MARIA EYMAEL,12
SÃO MIGUEL ARCANJO,27,JOSE MARIA EYMAEL,1
RIO NEGRINHO,27,JOSE MARIA EYMAEL,5
JARDIM,27,JOSE MARIA EYMAEL,5
CATANDUVAS,27,JOSE MARIA EYMAEL,3
CARMÓPOLIS DE MINAS,27,JOSE MARIA EYMAEL,5
JATI,27,JOSE MARIA EYMAEL,1
ARAGUARI,27,JOSE MARIA EYMAEL,3
PIRIPIRI,27,JOSE MARIA EYMAEL,4
LAURO MÜLLER,27,JOSE MARIA EYMAEL,5
ITAUBAL,27,JOSE MARIA EYMAEL,3
PALMEIRAIS,27,JOSE MARIA EYMAEL,1
ITAITUBA,27,JOSE MARIA EYMAEL,2
SANTA TEREZINHA DE ITAIPU,27,JOSE MARIA EYMAEL,2
BREJO GRANDE DO ARAGUAIA,27,JOSE MARIA EYMAEL,2
PONTE ALTA,27,JOSE MARIA EYMAEL,2
RONDON DO PARÁ,27,JOSE MARIA EYMAEL,2
OURO FINO,27,JOSE MARIA EYMAEL,3
NOSSA SENHORA DA GLÓRIA,27,JOSE MARIA EYMAEL,2
IBIAPINA,27,JOSE MARIA EYMAEL,3
SENADOR JOSÉ PORFÍRIO,27,JOSE MARIA EYMAEL,1
MIGUEL CALMON,27,JOSE MARIA EYMAEL,2
SERINGUEIRAS,27,JOSE MARIA EYMAEL,1
SAPUCAIA,27,JOSE MARIA EYMAEL,2
ITABAIANA,27,JOSE MARIA EYMAEL,4
MARECHAL FLORIANO,27,JOSE MARIA EYMAEL,6
RODEIO,27,JOSE MARIA EYMAEL,1
VILA VALÉRIO,27,JOSE MARIA EYMAEL,1
CIPOTÂNEA,27,JOSE MARIA EYMAEL,1
BARREIRINHAS,27,JOSE MARIA EYMAEL,5
ROLANTE,27,JOSE MARIA EYMAEL,4
SANTO ESTEVÃO,27,JOSE MARIA EYMAEL,2
SÃO JOÃO DO SABUGI,27,JOSE MARIA EYMAEL,1
JEQUIÉ,27,JOSE MARIA EYMAEL,7
SANANDUVA,27,JOSE MARIA EYMAEL,1
SÃO FRANCISCO DO GLÓRIA,27,JOSE MARIA EYMAEL,2
TUCANO,27,JOSE MARIA EYMAEL,1
PALMARES,27,JOSE MARIA EYMAEL,2
SANTA CRUZ CABRÁLIA,27,JOSE MARIA EYMAEL,5
MAR DE ESPANHA,27,JOSE MARIA EYMAEL,2
SERRA PRETA,27,JOSE MARIA EYMAEL,2
UMUARAMA,27,JOSE MARIA EYMAEL,5
BOM JESUS DA PENHA,27,JOSE MARIA EYMAEL,1
ITAREMA,27,JOSE MARIA EYMAEL,2
SALTO,27,JOSE MARIA EYMAEL,17
HELIODORA,27,JOSE MARIA EYMAEL,2
ITAPETINGA,27,JOSE MARIA EYMAEL,4
VALENÇA,27,JOSE MARIA EYMAEL,18
LUZIÂNIA,27,JOSE MARIA EYMAEL,7
ENGENHEIRO CALDAS,27,JOSE MARIA EYMAEL,4
CAMAMU,27,JOSE MARIA EYMAEL,3
GOIATUBA,27,JOSE MARIA EYMAEL,2
LINS,27,JOSE MARIA EYMAEL,2
RIBEIRA DO POMBAL,27,JOSE MARIA EYMAEL,2
CAPELINHA,27,JOSE MARIA EYMAEL,3
GUARANI,27,JOSE MARIA EYMAEL,1
JABOTI,27,JOSE MARIA EYMAEL,2
AREADO,27,JOSE MARIA EYMAEL,2
JAGUARUNA,27,JOSE MARIA EYMAEL,2
BOCAINA,27,JOSE MARIA EYMAEL,2
SAPIRANGA,27,JOSE MARIA EYMAEL,2
BURITI DOS MONTES,27,JOSE MARIA EYMAEL,9
BREVES,27,JOSE MARIA EYMAEL,2
OLHO D ÁGUA DO BORGES,27,JOSE MARIA EYMAEL,1
PARAUAPEBAS,27,JOSE MARIA EYMAEL,6
PIRIPÁ,27,JOSE MARIA EYMAEL,1
TRÊS CACHOEIRAS,27,JOSE MARIA EYMAEL,1
EUNÁPOLIS,27,JOSE MARIA EYMAEL,6
SÃO MIGUEL DO OESTE,27,JOSE MARIA EYMAEL,3
COCAL,27,JOSE MARIA EYMAEL,1
CÁCERES,27,JOSE MARIA EYMAEL,11
ERECHIM,27,JOSE MARIA EYMAEL,4
CANAVIEIRAS,27,JOSE MARIA EYMAEL,3
SANTO ANTÔNIO DO JACINTO,27,JOSE MARIA EYMAEL,1
MARAPANIM,27,JOSE MARIA EYMAEL,1
CONFRESA,27,JOSE MARIA EYMAEL,2
ITABELA,27,JOSE MARIA EYMAEL,1
BRAZÓPOLIS,27,JOSE MARIA EYMAEL,1
SANTOS DUMONT,27,JOSE MARIA EYMAEL,6
SÃO CAITANO,27,JOSE MARIA EYMAEL,2
LAGARTO,27,JOSE MARIA EYMAEL,8
LAGOA DOURADA,27,JOSE MARIA EYMAEL,4
TELÊMACO BORBA,27,JOSE MARIA EYMAEL,11
TAPES,27,JOSE MARIA EYMAEL,3
NAVEGANTES,27,JOSE MARIA EYMAEL,6
SANTARÉM,27,JOSE MARIA EYMAEL,14
GARANHUNS,27,JOSE MARIA EYMAEL,9
SANTA MARIA,27,JOSE MARIA EYMAEL,13
SANTANA,27,JOSE MARIA EYMAEL,11
ESTRELA,27,JOSE MARIA EYMAEL,2
ALIANÇA,27,JOSE MARIA EYMAEL,4
CACHOEIRAS DE MACACU,27,JOSE MARIA EYMAEL,2
NINHEIRA,27,JOSE MARIA EYMAEL,2
NOVA PÁDUA,27,JOSE MARIA EYMAEL,1
ITAPECERICA DA SERRA,27,JOSE MARIA EYMAEL,18
MAMBORÊ,27,JOSE MARIA EYMAEL,3
LONDRES,27,JOSE MARIA EYMAEL,4
OLÍMPIA,27,JOSE MARIA EYMAEL,3
IGREJINHA,27,JOSE MARIA EYMAEL,3
CALDAS NOVAS,27,JOSE MARIA EYMAEL,7
PIATÃ,27,JOSE MARIA EYMAEL,2
PLANALTINA,27,JOSE MARIA EYMAEL,4
NOVO GAMA,27,JOSE MARIA EYMAEL,11
FRAIBURGO,27,JOSE MARIA EYMAEL,1
ARROIO DOS RATOS,27,JOSE MARIA EYMAEL,3
ALUMÍNIO,27,JOSE MARIA EYMAEL,4
TAQUARITINGA,27,JOSE MARIA EYMAEL,4
TEIXEIRA SOARES,27,JOSE MARIA EYMAEL,1
SARZEDO,27,JOSE MARIA EYMAEL,2
IBIRAIARAS,27,JOSE MARIA EYMAEL,1
MARIANA,27,JOSE MARIA EYMAEL,4
LORENA,27,JOSE MARIA EYMAEL,8
ALMENARA,27,JOSE MARIA EYMAEL,3
JURUAIA,27,JOSE MARIA EYMAEL,3
COIMBRA,27,JOSE MARIA EYMAEL,5
ITARIRI,27,JOSE MARIA EYMAEL,2
BOM JARDIM,27,JOSE MARIA EYMAEL,4
TREZE TÍLIAS,27,JOSE MARIA EYMAEL,1
VOTORANTIM,27,JOSE MARIA EYMAEL,13
ANDRADINA,27,JOSE MARIA EYMAEL,8
SANTANA DE PARNAÍBA,27,JOSE MARIA EYMAEL,12
ITAGUAÍ,27,JOSE MARIA EYMAEL,16
MONTE SIÃO,27,JOSE MARIA EYMAEL,1
VOTUPORANGA,27,JOSE MARIA EYMAEL,6
PRAINHA,27,JOSE MARIA EYMAEL,3
ÁGUAS BELAS,27,JOSE MARIA EYMAEL,2
SALTO DO LONTRA,27,JOSE MARIA EYMAEL,5
IJUÍ,27,JOSE MARIA EYMAEL,11
ALTAMIRA,27,JOSE MARIA EYMAEL,4
MANOEL EMÍDIO,27,JOSE MARIA EYMAEL,1
PIO IX,27,JOSE MARIA EYMAEL,3
SENGÉS,27,JOSE MARIA EYMAEL,5
MIRANDIBA,27,JOSE MARIA EYMAEL,1
CAMPO ERÊ,27,JOSE MARIA EYMAEL,1
OURO PRETO,27,JOSE MARIA EYMAEL,7
BOA VENTURA DE SÃO ROQUE,27,JOSE MARIA EYMAEL,1
NOVA OLINDA DO MARANHÃO,27,JOSE MARIA EYMAEL,1
PADRE MARCOS,27,JOSE MARIA EYMAEL,3
CATAGUASES,27,JOSE MARIA EYMAEL,6
PASSA TEMPO,27,JOSE MARIA EYMAEL,3
XIQUE-XIQUE,27,JOSE MARIA EYMAEL,3
CONCEIÇÃO DO CASTELO,27,JOSE MARIA EYMAEL,2
SANTO ANTÔNIO DO IÇÁ,27,JOSE MARIA EYMAEL,2
TAILÂNDIA,27,JOSE MARIA EYMAEL,5
CARUARU,27,JOSE MARIA EYMAEL,21
MARIA HELENA,27,JOSE MARIA EYMAEL,1
SANTO ANTÔNIO DO MONTE,27,JOSE MARIA EYMAEL,7
JAGUAQUARA,27,JOSE MARIA EYMAEL,7
SÃO SEBASTIÃO DE LAGOA DE ROÇA,27,JOSE MARIA EYMAEL,2
CANTÁ,27,JOSE MARIA EYMAEL,1
ARAMINA,27,JOSE MARIA EYMAEL,1
BELÉM DO BREJO DO CRUZ,27,JOSE MARIA EYMAEL,4
SURUBIM,27,JOSE MARIA EYMAEL,3
PACATUBA,27,JOSE MARIA EYMAEL,2
LARANJA DA TERRA,27,JOSE MARIA EYMAEL,2
UBIRATÃ,27,JOSE MARIA EYMAEL,1
CHAPADA,27,JOSE MARIA EYMAEL,3
QUIRINÓPOLIS,27,JOSE MARIA EYMAEL,3
APUCARANA,27,JOSE MARIA EYMAEL,11
BARIRI,27,JOSE MARIA EYMAEL,1
ARAÇAGI,27,JOSE MARIA EYMAEL,3
TRÊS PONTAS,27,JOSE MARIA EYMAEL,7
JERÔNIMO MONTEIRO,27,JOSE MARIA EYMAEL,2
ÁGUA BRANCA,27,JOSE MARIA EYMAEL,1
GOVERNADOR VALADARES,27,JOSE MARIA EYMAEL,18
IVOTI,27,JOSE MARIA EYMAEL,3
MOGEIRO,27,JOSE MARIA EYMAEL,1
MIRANORTE,27,JOSE MARIA EYMAEL,1
BOM SUCESSO,27,JOSE MARIA EYMAEL,1
DORES DO INDAIÁ,27,JOSE MARIA EYMAEL,1
PORANGATU,27,JOSE MARIA EYMAEL,3
LIVRAMENTO DE NOSSA SENHORA,27,JOSE MARIA EYMAEL,3
VICENTINA,27,JOSE MARIA EYMAEL,2
PIQUETE,27,JOSE MARIA EYMAEL,3
CONCEIÇÃO DO COITÉ,27,JOSE MARIA EYMAEL,2
SEROPÉDICA,27,JOSE MARIA EYMAEL,4
GUAPÓ,27,JOSE MARIA EYMAEL,2
TAMARANA,27,JOSE MARIA EYMAEL,1
LARANJAL DO JARI,27,JOSE MARIA EYMAEL,3
SIDROLÂNDIA,27,JOSE MARIA EYMAEL,4
ARCEBURGO,27,JOSE MARIA EYMAEL,3
ALMADINA,27,JOSE MARIA EYMAEL,1
SANTA ISABEL,27,JOSE MARIA EYMAEL,4
JOÃO MONLEVADE,27,JOSE MARIA EYMAEL,11
PIRAPOZINHO,27,JOSE MARIA EYMAEL,2
PIRAPORA DO BOM JESUS,27,JOSE MARIA EYMAEL,3
ARAÇOIABA DA SERRA,27,JOSE MARIA EYMAEL,3
TURUÇU,27,JOSE MARIA EYMAEL,2
ITURAMA,27,JOSE MARIA EYMAEL,1
VARGEM GRANDE PAULISTA,27,JOSE MARIA EYMAEL,9
ITAPERUNA,27,JOSE MARIA EYMAEL,9
PARIPIRANGA,27,JOSE MARIA EYMAEL,1
MÁRIO CAMPOS,27,JOSE MARIA EYMAEL,3
SANTA CRUZ,27,JOSE MARIA EYMAEL,5
MATÃO,27,JOSE MARIA EYMAEL,4
SANTO AMARO,27,JOSE MARIA EYMAEL,1
ARRAIAL DO CABO,27,JOSE MARIA EYMAEL,4
PONTA PORÃ,27,JOSE MARIA EYMAEL,7
TIMBÓ GRANDE,27,JOSE MARIA EYMAEL,2
PALMEIRA DOS ÍNDIOS,27,JOSE MARIA EYMAEL,4
POXORÉU,27,JOSE MARIA EYMAEL,2
PARAIPABA,27,JOSE MARIA EYMAEL,5
ALTO RIO DOCE,27,JOSE MARIA EYMAEL,1
BELO ORIENTE,27,JOSE MARIA EYMAEL,3
BEZERROS,27,JOSE MARIA EYMAEL,7
FLORESTA,27,JOSE MARIA EYMAEL,2
CANTANHEDE,27,JOSE MARIA EYMAEL,2
SANTIAGO,27,JOSE MARIA EYMAEL,1
CONCEIÇÃO DO MATO DENTRO,27,JOSE MARIA EYMAEL,3
ESTÂNCIA VELHA,27,JOSE MARIA EYMAEL,6
MESQUITA,27,JOSE MARIA EYMAEL,23
PRUDENTÓPOLIS,27,JOSE MARIA EYMAEL,3
SÃO SEBASTIÃO DO PARAÍSO,27,JOSE MARIA EYMAEL,5
SANTA TEREZA DO OESTE,27,JOSE MARIA EYMAEL,1
ALMIRANTE TAMANDARÉ,27,JOSE MARIA EYMAEL,9
LOS ANGELES,27,JOSE MARIA EYMAEL,4
RIACHO DAS ALMAS,27,JOSE MARIA EYMAEL,2
NOVA CRUZ,27,JOSE MARIA EYMAEL,2
JACARÉ DOS HOMENS,27,JOSE MARIA EYMAEL,1
BOM DESPACHO,27,JOSE MARIA EYMAEL,7
UCHOA,27,JOSE MARIA EYMAEL,1
CRUZEIRO DO SUL,27,JOSE MARIA EYMAEL,3
SÃO PEDRO,27,JOSE MARIA EYMAEL,3
AMÃ,27,JOSE MARIA EYMAEL,6
SERRA ALTA,27,JOSE MARIA EYMAEL,1
CACHOEIRA ALTA,27,JOSE MARIA EYMAEL,1
WENCESLAU BRAZ,27,JOSE MARIA EYMAEL,3
CANDÓI,27,JOSE MARIA EYMAEL,1
NOVA HARTZ,27,JOSE MARIA EYMAEL,3
ESCADA,27,JOSE MARIA EYMAEL,5
IBIÚNA,27,JOSE MARIA EYMAEL,9
GONÇALVES,27,JOSE MARIA EYMAEL,1
SANTA RITA DE CÁSSIA,27,JOSE MARIA EYMAEL,1
GUARATINGUETÁ,27,JOSE MARIA EYMAEL,13
BOA ESPERANÇA,27,JOSE MARIA EYMAEL,4
SARAPUÍ,27,JOSE MARIA EYMAEL,2
SALTO DE PIRAPORA,27,JOSE MARIA EYMAEL,5
CARAUARI,27,JOSE MARIA EYMAEL,1
ITIQUIRA,27,JOSE MARIA EYMAEL,2
ANORI,27,JOSE MARIA EYMAEL,1
RIO BRANCO DO SUL,27,JOSE MARIA EYMAEL,3
SÃO PEDRO DO PIAUÍ,27,JOSE MARIA EYMAEL,1
MONTE CARMELO,27,JOSE MARIA EYMAEL,3
SANTA BÁRBARA,27,JOSE MARIA EYMAEL,5
RIO AZUL,27,JOSE MARIA EYMAEL,1
GUARATINGA,27,JOSE MARIA EYMAEL,1
ITORORÓ,27,JOSE MARIA EYMAEL,2
CORURIPE,27,JOSE MARIA EYMAEL,2
SANTA AMÉLIA,27,JOSE MARIA EYMAEL,1
INHAPIM,27,JOSE MARIA EYMAEL,4
TERRA NOVA,27,JOSE MARIA EYMAEL,1
NOVA MUTUM,27,JOSE MARIA EYMAEL,4
COLÍDER,27,JOSE MARIA EYMAEL,5
PARANAÍBA,27,JOSE MARIA EYMAEL,3
GUARAMIRIM,27,JOSE MARIA EYMAEL,4
ROMA,27,JOSE MARIA EYMAEL,4
ANGATUBA,27,JOSE MARIA EYMAEL,2
VÁRZEA DO POÇO,27,JOSE MARIA EYMAEL,3
WENCESLAU GUIMARÃES,27,JOSE MARIA EYMAEL,1
SÃO PEDRO DO TURVO,27,JOSE MARIA EYMAEL,1
CALÇADO,27,JOSE MARIA EYMAEL,1
PARAGUAÇU,27,JOSE MARIA EYMAEL,3
SÃO MATEUS,27,JOSE MARIA EYMAEL,7
ITABERAÍ,27,JOSE MARIA EYMAEL,1
GUAJARÁ-MIRIM,27,JOSE MARIA EYMAEL,2
MAIRI,27,JOSE MARIA EYMAEL,4
PALHOÇA,27,JOSE MARIA EYMAEL,12
ITAPIRATINS,27,JOSE MARIA EYMAEL,1
TAQUARITINGA DO NORTE,27,JOSE MARIA EYMAEL,1
SÃO LOURENÇO DO SUL,27,JOSE MARIA EYMAEL,1
GUAIÚBA,27,JOSE MARIA EYMAEL,1
MARAVILHA,27,JOSE MARIA EYMAEL,2
MARACANAÚ,27,JOSE MARIA EYMAEL,11
AFOGADOS DA INGAZEIRA,27,JOSE MARIA EYMAEL,4
SÃO MIGUEL DO ANTA,27,JOSE MARIA EYMAEL,2
BUENOS AIRES,27,JOSE MARIA EYMAEL,4
IGACI,27,JOSE MARIA EYMAEL,1
SOUSA,27,JOSE MARIA EYMAEL,5
BONITO,27,JOSE MARIA EYMAEL,4
ROSÁRIO DA LIMEIRA,27,JOSE MARIA EYMAEL,8
NOVA VIÇOSA,27,JOSE MARIA EYMAEL,5
IPANGUAÇU,27,JOSE MARIA EYMAEL,1
SALVADOR DO SUL,27,JOSE MARIA EYMAEL,2
PEDREIRA,27,JOSE MARIA EYMAEL,3
SANTO ANTÔNIO DO GRAMA,27,JOSE MARIA EYMAEL,1
SERRA TALHADA,27,JOSE MARIA EYMAEL,4
JOÃO DOURADO,27,JOSE MARIA EYMAEL,3
SAQUAREMA,27,JOSE MARIA EYMAEL,20
VIRADOURO,27,JOSE MARIA EYMAEL,3
GOIANDIRA,27,JOSE MARIA EYMAEL,1
MAMBAÍ,27,JOSE MARIA EYMAEL,1
PIÇARRA,27,JOSE MARIA EYMAEL,2
NERÓPOLIS,27,JOSE MARIA EYMAEL,1
MIRASSOLÂNDIA,27,JOSE MARIA EYMAEL,3
DOIS CÓRREGOS,27,JOSE MARIA EYMAEL,1
SÃO MARCOS,27,JOSE MARIA EYMAEL,2
DOMINGOS MARTINS,27,JOSE MARIA EYMAEL,4
QUIXADÁ,27,JOSE MARIA EYMAEL,2
GUATAMBÚ,27,JOSE MARIA EYMAEL,2
CARATINGA,27,JOSE MARIA EYMAEL,4
IPUEIRAS,27,JOSE MARIA EYMAEL,3
RIO NOVO,27,JOSE MARIA EYMAEL,1
NOVO REPARTIMENTO,27,JOSE MARIA EYMAEL,2
PINHEIRO,27,JOSE MARIA EYMAEL,4
CAPELA,27,JOSE MARIA EYMAEL,1
SARANDI,27,JOSE MARIA EYMAEL,6
PATOS DE MINAS,27,JOSE MARIA EYMAEL,12
VARGINHA,27,JOSE MARIA EYMAEL,9
FLOREAL,27,JOSE MARIA EYMAEL,1
CARACOL,27,JOSE MARIA EYMAEL,3
JUÍNA,27,JOSE MARIA EYMAEL,3
PATOS,27,JOSE MARIA EYMAEL,5
MULUNGU,27,JOSE MARIA EYMAEL,1
NOSSA SENHORA DE LOURDES,27,JOSE MARIA EYMAEL,1
HELSINQUE,27,JOSE MARIA EYMAEL,1
ITINGA DO MARANHÃO,27,JOSE MARIA EYMAEL,1
TUPANATINGA,27,JOSE MARIA EYMAEL,1
XINGUARA,27,JOSE MARIA EYMAEL,1
OLIVEIRA,27,JOSE MARIA EYMAEL,4
PORTO NACIONAL,27,JOSE MARIA EYMAEL,8
NOVO PROGRESSO,27,JOSE MARIA EYMAEL,3
PAULO FRONTIN,27,JOSE MARIA EYMAEL,2
JARAMATAIA,27,JOSE MARIA EYMAEL,1
SANTA CARMEM,27,JOSE MARIA EYMAEL,1
JORDÂNIA,27,JOSE MARIA EYMAEL,1
SÃO GONÇALO DO ABAETÉ,27,JOSE MARIA EYMAEL,3
GUARACIABA DO NORTE,27,JOSE MARIA EYMAEL,3
VITÓRIA DO MEARIM,27,JOSE MARIA EYMAEL,2
ELIAS FAUSTO,27,JOSE MARIA EYMAEL,1
AURORA,27,JOSE MARIA EYMAEL,4
ARAME,27,JOSE MARIA EYMAEL,1
MOEDA,27,JOSE MARIA EYMAEL,2
BROTAS,27,JOSE MARIA EYMAEL,5
VIÇOSA,27,JOSE MARIA EYMAEL,4
CHAVANTES,27,JOSE MARIA EYMAEL,1
CAJARI,27,JOSE MARIA EYMAEL,2
JANIÓPOLIS,27,JOSE MARIA EYMAEL,2
CAMPINA GRANDE DO SUL,27,JOSE MARIA EYMAEL,7
GUARAPARI,27,JOSE MARIA EYMAEL,14
SÃO FRANCISCO,27,JOSE MARIA EYMAEL,6
RIO DO SUL,27,JOSE MARIA EYMAEL,7
URUBICI,27,JOSE MARIA EYMAEL,1
ENÉAS MARQUES,27,JOSE MARIA EYMAEL,2
ALAGOA NOVA,27,JOSE MARIA EYMAEL,2
ANAJÁS,27,JOSE MARIA EYMAEL,1
PARAGOMINAS,27,JOSE MARIA EYMAEL,6
ESMERALDAS,27,JOSE MARIA EYMAEL,2
SENADOR SÁ,27,JOSE MARIA EYMAEL,2
JUCURUTU,27,JOSE MARIA EYMAEL,2
FREI PAULO,27,JOSE MARIA EYMAEL,1
CARDOSO MOREIRA,27,JOSE MARIA EYMAEL,1
ICATU,27,JOSE MARIA EYMAEL,1
RIO GRANDE DA SERRA,27,JOSE MARIA EYMAEL,7
PORTEL,27,JOSE MARIA EYMAEL,2
FARROUPILHA,27,JOSE MARIA EYMAEL,10
JANAÚBA,27,JOSE MARIA EYMAEL,4
CRISTINÁPOLIS,27,JOSE MARIA EYMAEL,1
AMARANTE DO MARANHÃO,27,JOSE MARIA EYMAEL,2
ESTRELA D OESTE,27,JOSE MARIA EYMAEL,1
IGARASSU,27,JOSE MARIA EYMAEL,3
QUIXABEIRA,27,JOSE MARIA EYMAEL,1
ARVOREDO,27,JOSE MARIA EYMAEL,1
ALEXÂNIA,27,JOSE MARIA EYMAEL,3
MANTENA,27,JOSE MARIA EYMAEL,3
LUCÉLIA,27,JOSE MARIA EYMAEL,1
PADRE BERNARDO,27,JOSE MARIA EYMAEL,1
HORTOLÂNDIA,27,JOSE MARIA EYMAEL,13
BARCARENA,27,JOSE MARIA EYMAEL,4
ANGRA DOS REIS,27,JOSE MARIA EYMAEL,14
DIAS D ÁVILA,27,JOSE MARIA EYMAEL,5
ALVINÓPOLIS,27,JOSE MARIA EYMAEL,1
FRANCISCO SÁ,27,JOSE MARIA EYMAEL,3
MOGI MIRIM,27,JOSE MARIA EYMAEL,5
RECREIO,27,JOSE MARIA EYMAEL,1
CAPINÓPOLIS,27,JOSE MARIA EYMAEL,2
ABRE CAMPO,27,JOSE MARIA EYMAEL,2
BARRETOS,27,JOSE MARIA EYMAEL,13
SAPEAÇU,27,JOSE MARIA EYMAEL,2
SERRA AZUL,27,JOSE MARIA EYMAEL,3
CAJATI,27,JOSE MARIA EYMAEL,4
SÃO JOSÉ DO RIO PARDO,27,JOSE MARIA EYMAEL,2
SERRA NEGRA,27,JOSE MARIA EYMAEL,3
IACANGA,27,JOSE MARIA EYMAEL,1
BEBEDOURO,27,JOSE MARIA EYMAEL,7
PEREIRAS,27,JOSE MARIA EYMAEL,1
SANTA MARIANA,27,JOSE MARIA EYMAEL,7
SANTA MARIA DAS BARREIRAS,27,JOSE MARIA EYMAEL,1
ANGICAL DO PIAUÍ,27,JOSE MARIA EYMAEL,2
IPIRA,27,JOSE MARIA EYMAEL,2
OURICURI,27,JOSE MARIA EYMAEL,4
SANTO ANTÔNIO DO DESCOBERTO,27,JOSE MARIA EYMAEL,2
RESENDE COSTA,27,JOSE MARIA EYMAEL,8
ARACI,27,JOSE MARIA EYMAEL,2
CAMALAÚ,27,JOSE MARIA EYMAEL,2
CARMO DE MINAS,27,JOSE MARIA EYMAEL,1
LAGOA DO MATO,27,JOSE MARIA EYMAEL,1
MASCATE,27,JOSE MARIA EYMAEL,1
CERRO LARGO,27,JOSE MARIA EYMAEL,2
XANGRI-LÁ,27,JOSE MARIA EYMAEL,1
SÃO CRISTÓVÃO,27,JOSE MARIA EYMAEL,10
NOVO MACHADO,27,JOSE MARIA EYMAEL,1
ALAGOA GRANDE,27,JOSE MARIA EYMAEL,2
IRACEMA,27,JOSE MARIA EYMAEL,1
RIO DO ANTÔNIO,27,JOSE MARIA EYMAEL,1
QUIJINGUE,27,JOSE MARIA EYMAEL,3
ICONHA,27,JOSE MARIA EYMAEL,1
IRECÊ,27,JOSE MARIA EYMAEL,3
RIBEIRÃO BONITO,27,JOSE MARIA EYMAEL,1
JAGUARETAMA,27,JOSE MARIA EYMAEL,1
CORUMBATAÍ DO SUL,27,JOSE MARIA EYMAEL,1
SANTANA DO MARANHÃO,27,JOSE MARIA EYMAEL,1
SÃO VENDELINO,27,JOSE MARIA EYMAEL,1
BURITICUPU,27,JOSE MARIA EYMAEL,5
PEDREIRAS,27,JOSE MARIA EYMAEL,3
JACUNDÁ,27,JOSE MARIA EYMAEL,1
MONTREAL,27,JOSE MARIA EYMAEL,3
ANTONINA,27,JOSE MARIA EYMAEL,1
TRAJANO DE MORAES,27,JOSE MARIA EYMAEL,2
ARACATI,27,JOSE MARIA EYMAEL,3
NOVO HORIZONTE,27,JOSE MARIA EYMAEL,2
JATOBÁ,27,JOSE MARIA EYMAEL,1
VIANÓPOLIS,27,JOSE MARIA EYMAEL,1
SANTA BRÍGIDA,27,JOSE MARIA EYMAEL,1
HORIZONTE,27,JOSE MARIA EYMAEL,5
CURRAL DE CIMA,27,JOSE MARIA EYMAEL,1
PEDRAS GRANDES,27,JOSE MARIA EYMAEL,2
CHAPADA GAÚCHA,27,JOSE MARIA EYMAEL,1
OCARA,27,JOSE MARIA EYMAEL,1
CROMÍNIA,27,JOSE MARIA EYMAEL,2
VIEIRAS,27,JOSE MARIA EYMAEL,5
EUCLIDES DA CUNHA,27,JOSE MARIA EYMAEL,6
SENADOR CANEDO,27,JOSE MARIA EYMAEL,3
POTIRENDABA,27,JOSE MARIA EYMAEL,1
CAMPO LIMPO PAULISTA,27,JOSE MARIA EYMAEL,9
PILAR DO SUL,27,JOSE MARIA EYMAEL,2
PIRACAIA,27,JOSE MARIA EYMAEL,4
FERVEDOURO,27,JOSE MARIA EYMAEL,3
DIAMANTINO,27,JOSE MARIA EYMAEL,1
MANACAPURU,27,JOSE MARIA EYMAEL,4
GUARIBAS,27,JOSE MARIA EYMAEL,1
LONTRAS,27,JOSE MARIA EYMAEL,2
POTIRAGUÁ,27,JOSE MARIA EYMAEL,1
SENADOR LA ROCQUE,27,JOSE MARIA EYMAEL,1
IGUATAMA,27,JOSE MARIA EYMAEL,1
MARATAÍZES,27,JOSE MARIA EYMAEL,2
IÇARA,27,JOSE MARIA EYMAEL,4
MEDEIROS NETO,27,JOSE MARIA EYMAEL,2
REBOUÇAS,27,JOSE MARIA EYMAEL,4
FLORESTÓPOLIS,27,JOSE MARIA EYMAEL,3
PARINTINS,27,JOSE MARIA EYMAEL,4
PAROBÉ,27,JOSE MARIA EYMAEL,2
MOITA BONITA,27,JOSE MARIA EYMAEL,1
OLINDA NOVA DO MARANHÃO,27,JOSE MARIA EYMAEL,1
PALMARES DO SUL,27,JOSE MARIA EYMAEL,1
CANAÃ DOS CARAJÁS,27,JOSE MARIA EYMAEL,2
IBICOARA,27,JOSE MARIA EYMAEL,1
CARMO DO RIO CLARO,27,JOSE MARIA EYMAEL,1
CRUZETA,27,JOSE MARIA EYMAEL,2
SERRANÓPOLIS DE MINAS,27,JOSE MARIA EYMAEL,2
POMBOS,27,JOSE MARIA EYMAEL,1
PALMA,27,JOSE MARIA EYMAEL,1
AMERICANO DO BRASIL,27,JOSE MARIA EYMAEL,1
OURIÇANGAS,27,JOSE MARIA EYMAEL,3
BARRA DO MENDES,27,JOSE MARIA EYMAEL,3
BOM CONSELHO,27,JOSE MARIA EYMAEL,2
RELVADO,27,JOSE MARIA EYMAEL,4
GRAMADO,27,JOSE MARIA EYMAEL,1
SÃO PAULO DAS MISSÕES,27,JOSE MARIA EYMAEL,3
LIMOEIRO DO NORTE,27,JOSE MARIA EYMAEL,2
CARAGUATATUBA,27,JOSE MARIA EYMAEL,10
MACAÉ,27,JOSE MARIA EYMAEL,18
AQUIDAUANA,27,JOSE MARIA EYMAEL,3
ALFREDO CHAVES,27,JOSE MARIA EYMAEL,2
BELÉM DO SÃO FRANCISCO,27,JOSE MARIA EYMAEL,1
DÁRIO MEIRA,27,JOSE MARIA EYMAEL,2
CASTELO,27,JOSE MARIA EYMAEL,4
SANTA CRUZ DO SUL,27,JOSE MARIA EYMAEL,7
LAGO DOS RODRIGUES,27,JOSE MARIA EYMAEL,1
UMBUZEIRO,27,JOSE MARIA EYMAEL,1
JAGUARÃO,27,JOSE MARIA EYMAEL,3
MIRAÍMA,27,JOSE MARIA EYMAEL,1
PORTO CALVO,27,JOSE MARIA EYMAEL,1
BARRO ALTO,27,JOSE MARIA EYMAEL,2
TABIRA,27,JOSE MARIA EYMAEL,1
CAMPO DO TENENTE,27,JOSE MARIA EYMAEL,2
MIAMI,27,JOSE MARIA EYMAEL,11
CRISSIUMAL,27,JOSE MARIA EYMAEL,1
JACOBINA,27,JOSE MARIA EYMAEL,3
CACHOEIRA DO SUL,27,JOSE MARIA EYMAEL,7
BAYEUX,27,JOSE MARIA EYMAEL,7
BARRA DOS COQUEIROS,27,JOSE MARIA EYMAEL,4
SIRIRI,27,JOSE MARIA EYMAEL,1
IBIRATAIA,27,JOSE MARIA EYMAEL,3
ABADIÂNIA,27,JOSE MARIA EYMAEL,1
ANAPU,27,JOSE MARIA EYMAEL,2
ITUVERAVA,27,JOSE MARIA EYMAEL,2
CRUZ MACHADO,27,JOSE MARIA EYMAEL,2
BOGOTÁ,27,JOSE MARIA EYMAEL,1
ARATIBA,27,JOSE MARIA EYMAEL,1
ALVARENGA,27,JOSE MARIA EYMAEL,1
APIAÍ,27,JOSE MARIA EYMAEL,5
IVATÉ,27,JOSE MARIA EYMAEL,1
ITAPACI,27,JOSE MARIA EYMAEL,2
BATATAIS,27,JOSE MARIA EYMAEL,4
SÃO JOSÉ DA COROA GRANDE,27,JOSE MARIA EYMAEL,1
GUAPÉ,27,JOSE MARIA EYMAEL,2
LEME,27,JOSE MARIA EYMAEL,3
BUÍQUE,27,JOSE MARIA EYMAEL,1
PIRAPORA,27,JOSE MARIA EYMAEL,2
PANELAS,27,JOSE MARIA EYMAEL,2
BOM JESUS DOS PERDÕES,27,JOSE MARIA EYMAEL,1
IBICARAÍ,27,JOSE MARIA EYMAEL,2
ARANTINA,27,JOSE MARIA EYMAEL,1
PÉ DE SERRA,27,JOSE MARIA EYMAEL,1
CRUZ ALTA,27,JOSE MARIA EYMAEL,3
DELFIM MOREIRA,27,JOSE MARIA EYMAEL,1
LARANJAL,27,JOSE MARIA EYMAEL,4
SANTO ANASTÁCIO,27,JOSE MARIA EYMAEL,1
PEDERNEIRAS,27,JOSE MARIA EYMAEL,3
ÁGUAS DE SÃO PEDRO,27,JOSE MARIA EYMAEL,1
RANCHARIA,27,JOSE MARIA EYMAEL,1
PARAÍSO,27,JOSE MARIA EYMAEL,1
CORUMBÁ,27,JOSE MARIA EYMAEL,4
AVELINO LOPES,27,JOSE MARIA EYMAEL,2
ALTO ARAGUAIA,27,JOSE MARIA EYMAEL,3
CARANGOLA,27,JOSE MARIA EYMAEL,3
CORBÉLIA,27,JOSE MARIA EYMAEL,5
GOVERNADOR NEWTON BELLO,27,JOSE MARIA EYMAEL,1
FLORIANO,27,JOSE MARIA EYMAEL,3
CRUZEIRO DO OESTE,27,JOSE MARIA EYMAEL,2
LAGOA VERMELHA,27,JOSE MARIA EYMAEL,1
VASSOURAS,27,JOSE MARIA EYMAEL,4
CURUÁ,27,JOSE MARIA EYMAEL,1
GOIANA,27,JOSE MARIA EYMAEL,3
CABROBÓ,27,JOSE MARIA EYMAEL,3
ITUMIRIM,27,JOSE MARIA EYMAEL,1
GOVERNADOR EDISON LOBÃO,27,JOSE MARIA EYMAEL,4
SANTO ANTÔNIO DO TAUÁ,27,JOSE MARIA EYMAEL,1
SENADOR ELÓI DE SOUZA,27,JOSE MARIA EYMAEL,1
LUÍS EDUARDO MAGALHÃES,27,JOSE MARIA EYMAEL,4
BOCAIÚVA,27,JOSE MARIA EYMAEL,2
DESTERRO,27,JOSE MARIA EYMAEL,1
MATEUS LEME,27,JOSE MARIA EYMAEL,3
CEREJEIRAS,27,JOSE MARIA EYMAEL,1
INGÁ,27,JOSE MARIA EYMAEL,2
MACAU,27,JOSE MARIA EYMAEL,2
COREMAS,27,JOSE MARIA EYMAEL,2
ACARAÚ,27,JOSE MARIA EYMAEL,1
CERRITO,27,JOSE MARIA EYMAEL,2
IGUATU,27,JOSE MARIA EYMAEL,4
RIO ACIMA,27,JOSE MARIA EYMAEL,1
SERRA DE SÃO BENTO,27,JOSE MARIA EYMAEL,1
ITUIUTABA,27,JOSE MARIA EYMAEL,6
LAGOINHA,27,JOSE MARIA EYMAEL,2
AIMORÉS,27,JOSE MARIA EYMAEL,3
CACONDE,27,JOSE MARIA EYMAEL,2
ARAPOTI,27,JOSE MARIA EYMAEL,2
AMÉRICO BRASILIENSE,27,JOSE MARIA EYMAEL,2
BONINAL,27,JOSE MARIA EYMAEL,1
APUAREMA,27,JOSE MARIA EYMAEL,1
PORTO FELIZ,27,JOSE MARIA EYMAEL,6
NOVA ALIANÇA,27,JOSE MARIA EYMAEL,1
ANGICAL,27,JOSE MARIA EYMAEL,1
QUARTEL GERAL,27,JOSE MARIA EYMAEL,1
NOVA ODESSA,27,JOSE MARIA EYMAEL,8
BARRA DO QUARAÍ,27,JOSE MARIA EYMAEL,1
ITACURUBA,27,JOSE MARIA EYMAEL,1
RIO POMBA,27,JOSE MARIA EYMAEL,2
MONTE SANTO DE MINAS,27,JOSE MARIA EYMAEL,1
MORRETES,27,JOSE MARIA EYMAEL,3
VARRE-SAI,27,JOSE MARIA EYMAEL,2
SEBASTIÃO LEAL,27,JOSE MARIA EYMAEL,1
OLHO D ÁGUA DAS FLORES,27,JOSE MARIA EYMAEL,1
CHÃ DE ALEGRIA,27,JOSE MARIA EYMAEL,4
BAEPENDI,27,JOSE MARIA EYMAEL,4
FORTIM,27,JOSE MARIA EYMAEL,1
IBIRUBÁ,27,JOSE MARIA EYMAEL,4
JOÃO ALFREDO,27,JOSE MARIA EYMAEL,4
ITAPIRANGA,27,JOSE MARIA EYMAEL,3
SANTA LEOPOLDINA,27,JOSE MARIA EYMAEL,1
MONTEIRO,27,JOSE MARIA EYMAEL,1
ESPUMOSO,27,JOSE MARIA EYMAEL,2
SÃO JOSÉ DO BELMONTE,27,JOSE MARIA EYMAEL,3
SERTANEJA,27,JOSE MARIA EYMAEL,1
PIRANGA,27,JOSE MARIA EYMAEL,1
BARRA DE SÃO FRANCISCO,27,JOSE MARIA EYMAEL,1
CANÁPOLIS,27,JOSE MARIA EYMAEL,2
ASSÚ,27,JOSE MARIA EYMAEL,2
NOVA FLORESTA,27,JOSE MARIA EYMAEL,3
TUPANCIRETÃ,27,JOSE MARIA EYMAEL,2
BANANEIRAS,27,JOSE MARIA EYMAEL,2
DRACENA,27,JOSE MARIA EYMAEL,1
GUAMARÉ,27,JOSE MARIA EYMAEL,5
NOVA SERRANA,27,JOSE MARIA EYMAEL,8
ALTO PARAÍSO DE GOIÁS,27,JOSE MARIA EYMAEL,4
PENÁPOLIS,27,JOSE MARIA EYMAEL,1
CAMBUQUIRA,27,JOSE MARIA EYMAEL,4
FORQUETINHA,27,JOSE MARIA EYMAEL,3
PUREZA,27,JOSE MARIA EYMAEL,2
MUCURI,27,JOSE MARIA EYMAEL,1
VISCONDE DO RIO BRANCO,27,JOSE MARIA EYMAEL,4
QUATRO BARRAS,27,JOSE MARIA EYMAEL,5
FELISBURGO,27,JOSE MARIA EYMAEL,2
IRINEÓPOLIS,27,JOSE MARIA EYMAEL,2
ITAPEMIRIM,27,JOSE MARIA EYMAEL,1
BREJINHO,27,JOSE MARIA EYMAEL,2
CAMPO BELO,27,JOSE MARIA EYMAEL,1
PINHEIROS,27,JOSE MARIA EYMAEL,3
CURITIBANOS,27,JOSE MARIA EYMAEL,5
SANTO ANTÔNIO DE JESUS,27,JOSE MARIA EYMAEL,2
ARIQUEMES,27,JOSE MARIA EYMAEL,2
SÃO BENTO DO SUL,27,JOSE MARIA EYMAEL,4
RIACHÃO DO JACUÍPE,27,JOSE MARIA EYMAEL,2
AGUDOS DO SUL,27,JOSE MARIA EYMAEL,1
CRISTALÂNDIA DO PIAUÍ,27,JOSE MARIA EYMAEL,1
CAMETÁ,27,JOSE MARIA EYMAEL,1
MIMOSO DO SUL,27,JOSE MARIA EYMAEL,2
PARIPUEIRA,27,JOSE MARIA EYMAEL,1
IBIRAÇU,27,JOSE MARIA EYMAEL,2
ACOPIARA,27,JOSE MARIA EYMAEL,2
PAPANDUVA,27,JOSE MARIA EYMAEL,1
AREIA BRANCA,27,JOSE MARIA EYMAEL,6
MARITUBA,27,JOSE MARIA EYMAEL,5
PARANAGUÁ,27,JOSE MARIA EYMAEL,10
CANELA,27,JOSE MARIA EYMAEL,6
CRATEÚS,27,JOSE MARIA EYMAEL,1
DOURADINA,27,JOSE MARIA EYMAEL,2
RIBEIRÃO GRANDE,27,JOSE MARIA EYMAEL,1
CONCEIÇÃO DA BARRA,27,JOSE MARIA EYMAEL,1
MANGUEIRINHA,27,JOSE MARIA EYMAEL,1
ÁGUA DOCE DO NORTE,27,JOSE MARIA EYMAEL,3
MULUNGU DO MORRO,27,JOSE MARIA EYMAEL,1
AURORA DO PARÁ,27,JOSE MARIA EYMAEL,3
ITAPIÚNA,27,JOSE MARIA EYMAEL,3
CAÇADOR,27,JOSE MARIA EYMAEL,3
CANINDÉ DE SÃO FRANCISCO,27,JOSE MARIA EYMAEL,2
MORRO DO CHAPÉU,27,JOSE MARIA EYMAEL,1
ZURIQUE,27,JOSE MARIA EYMAEL,2
ATLANTA,27,JOSE MARIA EYMAEL,2
CÍCERO DANTAS,27,JOSE MARIA EYMAEL,1
CAMBUÍ,27,JOSE MARIA EYMAEL,3
SÃO VICENTE DO SERIDÓ,27,JOSE MARIA EYMAEL,1
SERRA DO SALITRE,27,JOSE MARIA EYMAEL,2
JANDAIA DO SUL,27,JOSE MARIA EYMAEL,3
CONCEIÇÃO DO JACUÍPE,27,JOSE MARIA EYMAEL,1
MORRO DA GARÇA,27,JOSE MARIA EYMAEL,1
SENADOR AMARAL,27,JOSE MARIA EYMAEL,1
MEDEIROS,27,JOSE MARIA EYMAEL,1
PARELHAS,27,JOSE MARIA EYMAEL,2
ARTUR NOGUEIRA,27,JOSE MARIA EYMAEL,4
SERRANA,27,JOSE MARIA EYMAEL,2
MORADA NOVA,27,JOSE MARIA EYMAEL,2
AMPÉRE,27,JOSE MARIA EYMAEL,3
PONTAL DO PARANÁ,27,JOSE MARIA EYMAEL,2
SIMONÉSIA,27,JOSE MARIA EYMAEL,1
SOORETAMA,27,JOSE MARIA EYMAEL,2
SÃO SEBASTIÃO,27,JOSE MARIA EYMAEL,7
CARAÍ,27,JOSE MARIA EYMAEL,1
PAUDALHO,27,JOSE MARIA EYMAEL,2
RIBEIRA DO AMPARO,27,JOSE MARIA EYMAEL,2
APARECIDA DO TABOADO,27,JOSE MARIA EYMAEL,6
BOQUIRA,27,JOSE MARIA EYMAEL,1
MARUIM,27,JOSE MARIA EYMAEL,1
AFONSO CLÁUDIO,27,JOSE MARIA EYMAEL,5
URUARÁ,27,JOSE MARIA EYMAEL,2
BUENO BRANDÃO,27,JOSE MARIA EYMAEL,1
JUSSIAPE,27,JOSE MARIA EYMAEL,3
DOIS VIZINHOS,27,JOSE MARIA EYMAEL,2
SANTANA DO MUNDAÚ,27,JOSE MARIA EYMAEL,1
SERRANIA,27,JOSE MARIA EYMAEL,2
DIONÍSIO,27,JOSE MARIA EYMAEL,1
CARNAUBAL,27,JOSE MARIA EYMAEL,1
LAGO DA PEDRA,27,JOSE MARIA EYMAEL,1
BRUMADO,27,JOSE MARIA EYMAEL,2
CIANORTE,27,JOSE MARIA EYMAEL,9
TUCURUÍ,27,JOSE MARIA EYMAEL,4
ENTRE RIOS,27,JOSE MARIA EYMAEL,2
ARAXÁ,27,JOSE MARIA EYMAEL,6
TAGUAÍ,27,JOSE MARIA EYMAEL,1
PARAOPEBA,27,JOSE MARIA EYMAEL,1
TAIAÇU,27,JOSE MARIA EYMAEL,1
ITAPORÃ,27,JOSE MARIA EYMAEL,2
OEIRAS DO PARÁ,27,JOSE MARIA EYMAEL,2
QUERÊNCIA,27,JOSE MARIA EYMAEL,2
ESMERALDA,27,JOSE MARIA EYMAEL,1
CLARAVAL,27,JOSE MARIA EYMAEL,1
MONTES CLAROS DE GOIÁS,27,JOSE MARIA EYMAEL,1
NOVO HORIZONTE DO OESTE,27,JOSE MARIA EYMAEL,1
AMARGOSA,27,JOSE MARIA EYMAEL,1
SÃO JOÃO DA BOA VISTA,27,JOSE MARIA EYMAEL,6
JAGUARAÇU,27,JOSE MARIA EYMAEL,1
LUISLÂNDIA,27,JOSE MARIA EYMAEL,3
SACRAMENTO,27,JOSE MARIA EYMAEL,2
LOUVEIRA,27,JOSE MARIA EYMAEL,7
RIO NEGRO,27,JOSE MARIA EYMAEL,2
CURRAIS NOVOS,27,JOSE MARIA EYMAEL,5
MONTE ALEGRE DE GOIÁS,27,JOSE MARIA EYMAEL,1
MUZAMBINHO,27,JOSE MARIA EYMAEL,3
GRÃO MOGOL,27,JOSE MARIA EYMAEL,1
POTIM,27,JOSE MARIA EYMAEL,1
OURO VERDE,27,JOSE MARIA EYMAEL,2
BENTO GONÇALVES,27,JOSE MARIA EYMAEL,9
AQUIRAZ,27,JOSE MARIA EYMAEL,1
SANHARÓ,27,JOSE MARIA EYMAEL,1
RIO TINTO,27,JOSE MARIA EYMAEL,1
FRANCISCO SANTOS,27,JOSE MARIA EYMAEL,1
REGISTRO,27,JOSE MARIA EYMAEL,3
TRIZIDELA DO VALE,27,JOSE MARIA EYMAEL,2
BOTELHOS,27,JOSE MARIA EYMAEL,3
LOANDA,27,JOSE MARIA EYMAEL,1
VENDA NOVA DO IMIGRANTE,27,JOSE MARIA EYMAEL,3
PARIS,27,JOSE MARIA EYMAEL,6
VANCOUVER,27,JOSE MARIA EYMAEL,3
SANTA CRUZ DO CAPIBARIBE,27,JOSE MARIA EYMAEL,1
CASTRO ALVES,27,JOSE MARIA EYMAEL,1
BREJO,27,JOSE MARIA EYMAEL,1
RIO PIRACICABA,27,JOSE MARIA EYMAEL,2
MADALENA,27,JOSE MARIA EYMAEL,4
CARNAUBAIS,27,JOSE MARIA EYMAEL,4
TRÊS ARROIOS,27,JOSE MARIA EYMAEL,1
TAIÓ,27,JOSE MARIA EYMAEL,1
RIBEIRÃOZINHO,27,JOSE MARIA EYMAEL,1
ESTOCOLMO,27,JOSE MARIA EYMAEL,1
FARIAS BRITO,27,JOSE MARIA EYMAEL,4
SANTA CECÍLIA,27,JOSE MARIA EYMAEL,3
ITÁPOLIS,27,JOSE MARIA EYMAEL,2
BANDEIRANTES,27,JOSE MARIA EYMAEL,5
PAIÇANDU,27,JOSE MARIA EYMAEL,3
UBIRETAMA,27,JOSE MARIA EYMAEL,2
JAMBEIRO,27,JOSE MARIA EYMAEL,2
BRUMADINHO,27,JOSE MARIA EYMAEL,2
SABÁUDIA,27,JOSE MARIA EYMAEL,1
IBIRÁ,27,JOSE MARIA EYMAEL,1
URUAÇU,27,JOSE MARIA EYMAEL,2
SEABRA,27,JOSE MARIA EYMAEL,1
ITATIAIA,27,JOSE MARIA EYMAEL,3
BARRA DO RIBEIRO,27,JOSE MARIA EYMAEL,1
SÃO BENTO DO UNA,27,JOSE MARIA EYMAEL,1
CASTRO,27,JOSE MARIA EYMAEL,5
CARUTAPERA,27,JOSE MARIA EYMAEL,2
LUCAS DO RIO VERDE,27,JOSE MARIA EYMAEL,4
SOLEDADE,27,JOSE MARIA EYMAEL,1
PEABIRU,27,JOSE MARIA EYMAEL,2
CUNHA PORÃ,27,JOSE MARIA EYMAEL,1
TOCANTINÓPOLIS,27,JOSE MARIA EYMAEL,2
GENEBRA,27,JOSE MARIA EYMAEL,3
FAGUNDES,27,JOSE MARIA EYMAEL,1
PIRAJU,27,JOSE MARIA EYMAEL,2
ITACOATIARA,27,JOSE MARIA EYMAEL,5
POÇO REDONDO,27,JOSE MARIA EYMAEL,2
PINHEIRAL,27,JOSE MARIA EYMAEL,2
TAPEROÁ,27,JOSE MARIA EYMAEL,2
PAULO AFONSO,27,JOSE MARIA EYMAEL,4
HERVAL D OESTE,27,JOSE MARIA EYMAEL,1
SYDNEY,27,JOSE MARIA EYMAEL,1
MARACAJÁ,27,JOSE MARIA EYMAEL,3
APICUM-AÇU,27,JOSE MARIA EYMAEL,1
CONCEIÇÃO DO ARAGUAIA,27,JOSE MARIA EYMAEL,1
AJURICABA,27,JOSE MARIA EYMAEL,1
ALTO CAPARAÓ,27,JOSE MARIA EYMAEL,1
MAMANGUAPE,27,JOSE MARIA EYMAEL,3
BOM PROGRESSO,27,JOSE MARIA EYMAEL,1
BUDAPESTE,27,JOSE MARIA EYMAEL,1
MAIRIPORÃ,27,JOSE MARIA EYMAEL,8
UPANEMA,27,JOSE MARIA EYMAEL,1
ARAQUARI,27,JOSE MARIA EYMAEL,2
BETÂNIA,27,JOSE MARIA EYMAEL,1
NIQUELÂNDIA,27,JOSE MARIA EYMAEL,2
CATOLÉ DO ROCHA,27,JOSE MARIA EYMAEL,3
ANTÔNIO DIAS,27,JOSE MARIA EYMAEL,1
CAFELÂNDIA,27,JOSE MARIA EYMAEL,5
BOM JESUS,27,JOSE MARIA EYMAEL,2
SANTA CRUZ DE GOIÁS,27,JOSE MARIA EYMAEL,1
JUQUIÁ,27,JOSE MARIA EYMAEL,2
RONDONÓPOLIS,27,JOSE MARIA EYMAEL,9
TUNTUM,27,JOSE MARIA EYMAEL,2
ANDIRÁ,27,JOSE MARIA EYMAEL,1
CAMPOS ALTOS,27,JOSE MARIA EYMAEL,1
MUQUI,27,JOSE MARIA EYMAEL,1
DIONÍSIO CERQUEIRA,27,JOSE MARIA EYMAEL,3
ANCHIETA,27,JOSE MARIA EYMAEL,2
TEUTÔNIA,27,JOSE MARIA EYMAEL,2
VENTANIA,27,JOSE MARIA EYMAEL,1
NOVA OLINDA,27,JOSE MARIA EYMAEL,1
IPIAÚ,27,JOSE MARIA EYMAEL,3
ARAGUAÇU,27,JOSE MARIA EYMAEL,1
ARROIO GRANDE,27,JOSE MARIA EYMAEL,1
BARRA BONITA,27,JOSE MARIA EYMAEL,3
PACARAIMA,27,JOSE MARIA EYMAEL,1
BOM PRINCÍPIO,27,JOSE MARIA EYMAEL,1
SÃO PAULO DO POTENGI,27,JOSE MARIA EYMAEL,1
MIRANDA DO NORTE,27,JOSE MARIA EYMAEL,3
MARAU,27,JOSE MARIA EYMAEL,1
VIRGOLÂNDIA,27,JOSE MARIA EYMAEL,3
LAGOA DE PEDRAS,27,JOSE MARIA EYMAEL,1
TIANGUÁ,27,JOSE MARIA EYMAEL,1
CORDEIROS,27,JOSE MARIA EYMAEL,2
CAETANÓPOLIS,27,JOSE MARIA EYMAEL,1
ÁGUA BOA,27,JOSE MARIA EYMAEL,5
MORRO GRANDE,27,JOSE MARIA EYMAEL,1
ITAMOGI,27,JOSE MARIA EYMAEL,2
MÂNCIO LIMA,27,JOSE MARIA EYMAEL,1
BELÉM DE MARIA,27,JOSE MARIA EYMAEL,2
CAMPOS DO JORDÃO,27,JOSE MARIA EYMAEL,2
GOIANÁPOLIS,27,JOSE MARIA EYMAEL,2
ANTAS,27,JOSE MARIA EYMAEL,2
ITAJU,27,JOSE MARIA EYMAEL,1
CARAMBEÍ,27,JOSE MARIA EYMAEL,4
CAMOCIM,27,JOSE MARIA EYMAEL,5
ELDORADO DO SUL,27,JOSE MARIA EYMAEL,2
ABADIA DOS DOURADOS,27,JOSE MARIA EYMAEL,1
RIO PARDO DE MINAS,27,JOSE MARIA EYMAEL,2
CARBONITA,27,JOSE MARIA EYMAEL,2
SANTO ANTÔNIO DO ARACANGUÁ,27,JOSE MARIA EYMAEL,1
LAGOA DE DENTRO,27,JOSE MARIA EYMAEL,1
PEDRO LEOPOLDO,27,JOSE MARIA EYMAEL,4
SANTANA DO CARIRI,27,JOSE MARIA EYMAEL,2
MUNHOZ DE MELO,27,JOSE MARIA EYMAEL,1
SÃO JOÃO DO PIAUÍ,27,JOSE MARIA EYMAEL,3
MONDAÍ,27,JOSE MARIA EYMAEL,1
PINHEIRO MACHADO,27,JOSE MARIA EYMAEL,1
SÃO JOÃO DOS PATOS,27,JOSE MARIA EYMAEL,1
JARU,27,JOSE MARIA EYMAEL,1
JUREMA,27,JOSE MARIA EYMAEL,1
CURRAL DE DENTRO,27,JOSE MARIA EYMAEL,4
CORONEL BARROS,27,JOSE MARIA EYMAEL,1
SANTA MARIA DE JETIBÁ,27,JOSE MARIA EYMAEL,2
ROLIM DE MOURA,27,JOSE MARIA EYMAEL,2
GUARÁ,27,JOSE MARIA EYMAEL,1
PRESIDENTE MÉDICI,27,JOSE MARIA EYMAEL,4
ITACARAMBI,27,JOSE MARIA EYMAEL,1
PORTO DO MANGUE,27,JOSE MARIA EYMAEL,2
RINCÃO,27,JOSE MARIA EYMAEL,2
BREJO DA MADRE DE DEUS,27,JOSE MARIA EYMAEL,2
RUSSAS,27,JOSE MARIA EYMAEL,3
LAGAMAR,27,JOSE MARIA EYMAEL,1
GUARANÉSIA,27,JOSE MARIA EYMAEL,2
LENÇÓIS,27,JOSE MARIA EYMAEL,1
SANTO ANTÔNIO DO AVENTUREIRO,27,JOSE MARIA EYMAEL,1
GARÇA,27,JOSE MARIA EYMAEL,3
GUARAQUEÇABA,27,JOSE MARIA EYMAEL,1
OROCÓ,27,JOSE MARIA EYMAEL,1
LUZ,27,JOSE MARIA EYMAEL,2
SÃO JOÃO D ALIANÇA,27,JOSE MARIA EYMAEL,2
SÃO JOÃO DO JAGUARIBE,27,JOSE MARIA EYMAEL,3
FRANCISCO BELTRÃO,27,JOSE MARIA EYMAEL,7
LUÍS ANTÔNIO,27,JOSE MARIA EYMAEL,3
BATURITÉ,27,JOSE MARIA EYMAEL,1
RIBEIRÃO DO PINHAL,27,JOSE MARIA EYMAEL,1
ALTO ALEGRE DO MARANHÃO,27,JOSE MARIA EYMAEL,1
NOVA OLINDA DO NORTE,27,JOSE MARIA EYMAEL,1
BALNEÁRIO GAIVOTA,27,JOSE MARIA EYMAEL,1
PIRAÍ DO SUL,27,JOSE MARIA EYMAEL,1
MARACAJU,27,JOSE MARIA EYMAEL,2
PONTES E LACERDA,27,JOSE MARIA EYMAEL,3
SÃO MARTINHO,27,JOSE MARIA EYMAEL,2
ITAPIRA,27,JOSE MARIA EYMAEL,2
ERVAL SECO,27,JOSE MARIA EYMAEL,1
RURÓPOLIS,27,JOSE MARIA EYMAEL,1
MARANGUAPE,27,JOSE MARIA EYMAEL,3
VILA FLORES,27,JOSE MARIA EYMAEL,1
FORMOSA DO RIO PRETO,27,JOSE MARIA EYMAEL,1
NOSSA SENHORA DOS REMÉDIOS,27,JOSE MARIA EYMAEL,1
MIRASSOL,27,JOSE MARIA EYMAEL,4
CORONEL VIVIDA,27,JOSE MARIA EYMAEL,2
BARROCAS,27,JOSE MARIA EYMAEL,1
JOCA MARQUES,27,JOSE MARIA EYMAEL,2
CORONEL MACEDO,27,JOSE MARIA EYMAEL,2
ARINOS,27,JOSE MARIA EYMAEL,1
MONSENHOR PAULO,27,JOSE MARIA EYMAEL,1
FRUTAL,27,JOSE MARIA EYMAEL,4
MORENO,27,JOSE MARIA EYMAEL,1
FELIZ,27,JOSE MARIA EYMAEL,2
CEDRO DE SÃO JOÃO,27,JOSE MARIA EYMAEL,1
ITAPAJÉ,27,JOSE MARIA EYMAEL,1
AÇAILÂNDIA,27,JOSE MARIA EYMAEL,9
GUARAÍ,27,JOSE MARIA EYMAEL,2
REMÍGIO,27,JOSE MARIA EYMAEL,3
JUAZEIRINHO,27,JOSE MARIA EYMAEL,2
SÃO MIGUEL DO TOCANTINS,27,JOSE MARIA EYMAEL,2
IVATUBA,27,JOSE MARIA EYMAEL,1
VILA NOVA DO SUL,27,JOSE MARIA EYMAEL,2
BARCELONA,27,JOSE MARIA EYMAEL,3
MATINHOS,27,JOSE MARIA EYMAEL,3
ANTÔNIO MARTINS,27,JOSE MARIA EYMAEL,1
TACIBA,27,JOSE MARIA EYMAEL,1
MARMELEIRO,27,JOSE MARIA EYMAEL,1
MATELÂNDIA,27,JOSE MARIA EYMAEL,2
ITAÚ DE MINAS,27,JOSE MARIA EYMAEL,2
MARI,27,JOSE MARIA EYMAEL,1
ALÉM PARAÍBA,27,JOSE MARIA EYMAEL,2
SILVÂNIA,27,JOSE MARIA EYMAEL,3
FERNANDÓPOLIS,27,JOSE MARIA EYMAEL,7
CAMPOS NOVOS PAULISTA,27,JOSE MARIA EYMAEL,1
BARBACENA,27,JOSE MARIA EYMAEL,7
MEDIANEIRA,27,JOSE MARIA EYMAEL,3
PEDRA DO ANTA,27,JOSE MARIA EYMAEL,2
CENTRO NOVO DO MARANHÃO,27,JOSE MARIA EYMAEL,6
LEOPOLDINA,27,JOSE MARIA EYMAEL,4
PANAMBI,27,JOSE MARIA EYMAEL,3
SÃO LOURENÇO DA MATA,27,JOSE MARIA EYMAEL,5
MAIQUINIQUE,27,JOSE MARIA EYMAEL,1
IPANEMA,27,JOSE MARIA EYMAEL,2
MATO QUEIMADO,27,JOSE MARIA EYMAEL,1
PIRAJUÍ,27,JOSE MARIA EYMAEL,1
GUAÍBA,27,JOSE MARIA EYMAEL,11
SÃO LOURENÇO DO OESTE,27,JOSE MARIA EYMAEL,1
CAPITÃO,27,JOSE MARIA EYMAEL,1
AREAL,27,JOSE MARIA EYMAEL,2
PUXINANÃ,27,JOSE MARIA EYMAEL,2
APODI,27,JOSE MARIA EYMAEL,4
BOMBINHAS,27,JOSE MARIA EYMAEL,1
ICARAÍ DE MINAS,27,JOSE MARIA EYMAEL,2
TANHAÇU,27,JOSE MARIA EYMAEL,1
BOM JESUS DO ITABAPOANA,27,JOSE MARIA EYMAEL,5
MACAJUBA,27,JOSE MARIA EYMAEL,2
MIRANDÓPOLIS,27,JOSE MARIA EYMAEL,1
BORBOREMA,27,JOSE MARIA EYMAEL,1
PARATINGA,27,JOSE MARIA EYMAEL,2
CIDREIRA,27,JOSE MARIA EYMAEL,2
ILHA SOLTEIRA,27,JOSE MARIA EYMAEL,4
CAMBUCI,27,JOSE MARIA EYMAEL,1
SANTO ANTÔNIO DO PALMA,27,JOSE MARIA EYMAEL,1
SÃO BONIFÁCIO,27,JOSE MARIA EYMAEL,1
ALTOS,27,JOSE MARIA EYMAEL,1
XEXÉU,27,JOSE MARIA EYMAEL,1
TACAIMBÓ,27,JOSE MARIA EYMAEL,1
IBIPORÃ,27,JOSE MARIA EYMAEL,3
ANDARAÍ,27,JOSE MARIA EYMAEL,1
CAMOCIM DE SÃO FÉLIX,27,JOSE MARIA EYMAEL,2
CAMBORIÚ,27,JOSE MARIA EYMAEL,7
MUNDO NOVO,27,JOSE MARIA EYMAEL,3
FRANCISCO ALVES,27,JOSE MARIA EYMAEL,1
CAMPOS SALES,27,JOSE MARIA EYMAEL,2
TOMÉ-AÇU,27,JOSE MARIA EYMAEL,3
JUARA,27,JOSE MARIA EYMAEL,5
JOÃO PINHEIRO,27,JOSE MARIA EYMAEL,3
MOCAJUBA,27,JOSE MARIA EYMAEL,1
PERI MIRIM,27,JOSE MARIA EYMAEL,1
FLORES DA CUNHA,27,JOSE MARIA EYMAEL,3
MORROS,27,JOSE MARIA EYMAEL,3
MACHADINHO D OESTE,27,JOSE MARIA EYMAEL,2
PARAGUAÇU PAULISTA,27,JOSE MARIA EYMAEL,1
FELIPE GUERRA,27,JOSE MARIA EYMAEL,1
ARAIOSES,27,JOSE MARIA EYMAEL,2
CERES,27,JOSE MARIA EYMAEL,5
ÓLEO,27,JOSE MARIA EYMAEL,1
SAÚDE,27,JOSE MARIA EYMAEL,2
CASTILHO,27,JOSE MARIA EYMAEL,1
SÃO JOSÉ DO BARREIRO,27,JOSE MARIA EYMAEL,1
CONSELHEIRO PENA,27,JOSE MARIA EYMAEL,2
IBIRAPITANGA,27,JOSE MARIA EYMAEL,1
NOVA RESENDE,27,JOSE MARIA EYMAEL,3
GALINHOS,27,JOSE MARIA EYMAEL,2
BALSAS,27,JOSE MARIA EYMAEL,1
SANTA CRUZ DO ARARI,27,JOSE MARIA EYMAEL,1
SANTA CRUZ DO RIO PARDO,27,JOSE MARIA EYMAEL,2
TUCUMÃ,27,JOSE MARIA EYMAEL,2
VITÓRIA DO XINGU,27,JOSE MARIA EYMAEL,1
RIBAS DO RIO PARDO,27,JOSE MARIA EYMAEL,1
NOSSA SENHORA APARECIDA,27,JOSE MARIA EYMAEL,2
TAMBORIL,27,JOSE MARIA EYMAEL,3
CARINHANHA,27,JOSE MARIA EYMAEL,2
PLANALTINA DO PARANÁ,27,JOSE MARIA EYMAEL,1
PRESIDENTE KUBITSCHEK,27,JOSE MARIA EYMAEL,3
IBIPEBA,27,JOSE MARIA EYMAEL,2
CALÇOENE,27,JOSE MARIA EYMAEL,2
BALSA NOVA,27,JOSE MARIA EYMAEL,1
OURO VELHO,27,JOSE MARIA EYMAEL,1
ESTIVA,27,JOSE MARIA EYMAEL,1
VÁRZEA,27,JOSE MARIA EYMAEL,1
DOM PEDRO DE ALCÂNTARA,27,JOSE MARIA EYMAEL,1
CIDADE GAÚCHA,27,JOSE MARIA EYMAEL,3
DIANÓPOLIS,27,JOSE MARIA EYMAEL,2
SANTA VITÓRIA DO PALMAR,27,JOSE MARIA EYMAEL,1
ULIANÓPOLIS,27,JOSE MARIA EYMAEL,1
HOUSTON,27,JOSE MARIA EYMAEL,2
PAU DOS FERROS,27,JOSE MARIA EYMAEL,4
DOHA,27,JOSE MARIA EYMAEL,2
CRISTALINA,27,JOSE MARIA EYMAEL,1
IMBITUBA,27,JOSE MARIA EYMAEL,2
JOSÉ DA PENHA,27,JOSE MARIA EYMAEL,1
ATALAIA,27,JOSE MARIA EYMAEL,1
CORUMBÁ DE GOIÁS,27,JOSE MARIA EYMAEL,1
URUCÂNIA,27,JOSE MARIA EYMAEL,1
IGARAPÉ,27,JOSE MARIA EYMAEL,3
NOVO CABRAIS,27,JOSE MARIA EYMAEL,2
URUPÁ,27,JOSE MARIA EYMAEL,2
SAUDADES,27,JOSE MARIA EYMAEL,1
SANTA HELENA DE GOIÁS,27,JOSE MARIA EYMAEL,1
SERRA CAIADA,27,JOSE MARIA EYMAEL,1
SANTA MARIA DO SUAÇUÍ,27,JOSE MARIA EYMAEL,3
NAZARÉ PAULISTA,27,JOSE MARIA EYMAEL,3
CÓRREGO DO BOM JESUS,27,JOSE MARIA EYMAEL,1
GETÚLIO VARGAS,27,JOSE MARIA EYMAEL,1
PASSA QUATRO,27,JOSE MARIA EYMAEL,2
CACHOEIRA DE MINAS,27,JOSE MARIA EYMAEL,4
UAUÁ,27,JOSE MARIA EYMAEL,1
ITAPOÁ,27,JOSE MARIA EYMAEL,1
SANTO ANTÔNIO DA PATRULHA,27,JOSE MARIA EYMAEL,5
SÃO JOÃO,27,JOSE MARIA EYMAEL,1
PARAÍ,27,JOSE MARIA EYMAEL,1
IGARAPÉ GRANDE,27,JOSE MARIA EYMAEL,1
QUIPAPÁ,27,JOSE MARIA EYMAEL,2
SÃO JOSÉ DE UBÁ,27,JOSE MARIA EYMAEL,2
CHICAGO,27,JOSE MARIA EYMAEL,2
CAMPO NOVO,27,JOSE MARIA EYMAEL,1
PARACURU,27,JOSE MARIA EYMAEL,2
SALINÓPOLIS,27,JOSE MARIA EYMAEL,1
MURICI,27,JOSE MARIA EYMAEL,1
UNIÃO DOS PALMARES,27,JOSE MARIA EYMAEL,2
CASSILÂNDIA,27,JOSE MARIA EYMAEL,1
CANDEIAS,27,JOSE MARIA EYMAEL,1
ORLÂNDIA,27,JOSE MARIA EYMAEL,7
BOQUEIRÃO,27,JOSE MARIA EYMAEL,3
MIRANTE,27,JOSE MARIA EYMAEL,2
SÃO JOAQUIM DA BARRA,27,JOSE MARIA EYMAEL,2
VIGIA,27,JOSE MARIA EYMAEL,4
CONCÓRDIA DO PARÁ,27,JOSE MARIA EYMAEL,2
SANTA RITA DO PASSA QUATRO,27,JOSE MARIA EYMAEL,3
IMBITUVA,27,JOSE MARIA EYMAEL,1
SANTANA DO ACARAÚ,27,JOSE MARIA EYMAEL,1
SÃO LUIS DO PIAUÍ,27,JOSE MARIA EYMAEL,1
MINADOR DO NEGRÃO,27,JOSE MARIA EYMAEL,1
PORTO ESPERIDIÃO,27,JOSE MARIA EYMAEL,1
QUEBRANGULO,27,JOSE MARIA EYMAEL,1
AMATURÁ,27,JOSE MARIA EYMAEL,1
PROPRIÁ,27,JOSE MARIA EYMAEL,2
ABIDJÃ,27,JOSE MARIA EYMAEL,1
JAGUARIBE,27,JOSE MARIA EYMAEL,1
LENÇÓIS PAULISTA,27,JOSE MARIA EYMAEL,2
MERIDIANO,27,JOSE MARIA EYMAEL,1
PINHEIRO PRETO,27,JOSE MARIA EYMAEL,1
SÃO FRANCISCO DE ITABAPOANA,27,JOSE MARIA EYMAEL,5
AMONTADA,27,JOSE MARIA EYMAEL,2
ARROIO DO SAL,27,JOSE MARIA EYMAEL,1
ABEL FIGUEIREDO,27,JOSE MARIA EYMAEL,1
SANTA MARIA DA VITÓRIA,27,JOSE MARIA EYMAEL,1
ARTIGAS,27,JOSE MARIA EYMAEL,4
PRANCHITA,27,JOSE MARIA EYMAEL,1
TAQUARI,27,JOSE MARIA EYMAEL,3
XAVANTINA,27,JOSE MARIA EYMAEL,1
MAIRINQUE,27,JOSE MARIA EYMAEL,2
CÔNEGO MARINHO,27,JOSE MARIA EYMAEL,1
MINAÇU,27,JOSE MARIA EYMAEL,2
LINHA NOVA,27,JOSE MARIA EYMAEL,1
ILHA COMPRIDA,27,JOSE MARIA EYMAEL,1
SERROLÂNDIA,27,JOSE MARIA EYMAEL,1
NOVA PRATA,27,JOSE MARIA EYMAEL,2
CÉU AZUL,27,JOSE MARIA EYMAEL,2
CRATO,27,JOSE MARIA EYMAEL,4
COCOS,27,JOSE MARIA EYMAEL,1
TRAIRI,27,JOSE MARIA EYMAEL,4
IBARETAMA,27,JOSE MARIA EYMAEL,1
LAJEDO,27,JOSE MARIA EYMAEL,1
BOA VISTA DAS MISSÕES,27,JOSE MARIA EYMAEL,1
MONTE DO CARMO,27,JOSE MARIA EYMAEL,1
IBATÉ,27,JOSE MARIA EYMAEL,3
LAGOA DA CANOA,27,JOSE MARIA EYMAEL,2
BARRA DE GUABIRABA,27,JOSE MARIA EYMAEL,1
CASIMIRO DE ABREU,27,JOSE MARIA EYMAEL,2
BARRA DO PIRAÍ,27,JOSE MARIA EYMAEL,9
ESPERANTINA,27,JOSE MARIA EYMAEL,1
BRAGANEY,27,JOSE MARIA EYMAEL,1
TAIOBEIRAS,27,JOSE MARIA EYMAEL,2
SÃO JOÃO DO OESTE,27,JOSE MARIA EYMAEL,2
LUTÉCIA,27,JOSE MARIA EYMAEL,1
URUSSANGA,27,JOSE MARIA EYMAEL,1
SÃO JOSÉ DO JACURI,27,JOSE MARIA EYMAEL,1
AURELINO LEAL,27,JOSE MARIA EYMAEL,1
UBAJARA,27,JOSE MARIA EYMAEL,6
POSSE,27,JOSE MARIA EYMAEL,2
ENGENHEIRO COELHO,27,JOSE MARIA EYMAEL,2
CAMUTANGA,27,JOSE MARIA EYMAEL,1
ARROIO DO PADRE,27,JOSE MARIA EYMAEL,1
MONTE ALEGRE,27,JOSE MARIA EYMAEL,4
MARIALVA,27,JOSE MARIA EYMAEL,2
FORMIGA,27,JOSE MARIA EYMAEL,5
MONTANHAS,27,JOSE MARIA EYMAEL,1
CAMPO FORMOSO,27,JOSE MARIA EYMAEL,2
JEQUERI,27,JOSE MARIA EYMAEL,1
ITAPERUÇU,27,JOSE MARIA EYMAEL,2
INIMUTABA,27,JOSE MARIA EYMAEL,1
SÃO JOÃO DO MANTENINHA,27,JOSE MARIA EYMAEL,2
CATALÃO,27,JOSE MARIA EYMAEL,3
RESPLENDOR,27,JOSE MARIA EYMAEL,1
CHARQUEADA,27,JOSE MARIA EYMAEL,2
CACEQUI,27,JOSE MARIA EYMAEL,1
CONGONHAS,27,JOSE MARIA EYMAEL,8
SANTANÓPOLIS,27,JOSE MARIA EYMAEL,1
SANTO ANTÔNIO DO JARDIM,27,JOSE MARIA EYMAEL,1
ARAÇARIGUAMA,27,JOSE MARIA EYMAEL,1
SIMPLÍCIO MENDES,27,JOSE MARIA EYMAEL,1
IPORANGA,27,JOSE MARIA EYMAEL,1
CLEVELÂNDIA,27,JOSE MARIA EYMAEL,2
PRIMAVERA DO LESTE,27,JOSE MARIA EYMAEL,3
ARABUTÃ,27,JOSE MARIA EYMAEL,1
MATINHA,27,JOSE MARIA EYMAEL,1
UBAÍRA,27,JOSE MARIA EYMAEL,2
ALTEROSA,27,JOSE MARIA EYMAEL,1
ERVAL VELHO,27,JOSE MARIA EYMAEL,1
JAGUARARI,27,JOSE MARIA EYMAEL,1
ENCRUZILHADA DO SUL,27,JOSE MARIA EYMAEL,2
POÇO DAS ANTAS,27,JOSE MARIA EYMAEL,2
CAPOEIRAS,27,JOSE MARIA EYMAEL,1
PEDRO JUAN CABALLERO,27,JOSE MARIA EYMAEL,2
GIRUÁ,27,JOSE MARIA EYMAEL,1
COREAÚ,27,JOSE MARIA EYMAEL,1
OURILÂNDIA DO NORTE,27,JOSE MARIA EYMAEL,1
SÍTIO NOVO,27,JOSE MARIA EYMAEL,1
MIRASSOL D OESTE,27,JOSE MARIA EYMAEL,2
CORDILHEIRA ALTA,27,JOSE MARIA EYMAEL,1
COLÔNIA DO PIAUÍ,27,JOSE MARIA EYMAEL,1
LAGOA DOS GATOS,27,JOSE MARIA EYMAEL,1
CORONEL EZEQUIEL,27,JOSE MARIA EYMAEL,3
BOM JARDIM DE MINAS,27,JOSE MARIA EYMAEL,2
JAGUARIPE,27,JOSE MARIA EYMAEL,1
ANTÔNIO CARLOS,27,JOSE MARIA EYMAEL,1
ENGENHEIRO NAVARRO,27,JOSE MARIA EYMAEL,1
CAMANDUCAIA,27,JOSE MARIA EYMAEL,1
ITAMBACURI,27,JOSE MARIA EYMAEL,1
NÍSIA FLORESTA,27,JOSE MARIA EYMAEL,2
BÁLSAMO,27,JOSE MARIA EYMAEL,1
IBIRAREMA,27,JOSE MARIA EYMAEL,1
CASTANHEIRAS,27,JOSE MARIA EYMAEL,1
TEFÉ,27,JOSE MARIA EYMAEL,2
BURITIZEIRO,27,JOSE MARIA EYMAEL,1
AFUÁ,27,JOSE MARIA EYMAEL,3
JATAIZINHO,27,JOSE MARIA EYMAEL,1
ALTO DO RODRIGUES,27,JOSE MARIA EYMAEL,4
PARAÍBA DO SUL,27,JOSE MARIA EYMAEL,2
CAJAZEIRINHAS,27,JOSE MARIA EYMAEL,1
ALFENAS,27,JOSE MARIA EYMAEL,3
IPUAÇU,27,JOSE MARIA EYMAEL,1
IRAÍ DE MINAS,27,JOSE MARIA EYMAEL,1
CALIFÓRNIA,27,JOSE MARIA EYMAEL,4
CANDELÁRIA,27,JOSE MARIA EYMAEL,2
BRAGANÇA,27,JOSE MARIA EYMAEL,2
TOMBOS,27,JOSE MARIA EYMAEL,1
QUATIS,27,JOSE MARIA EYMAEL,1
MARIBONDO,27,JOSE MARIA EYMAEL,1
CARRANCAS,27,JOSE MARIA EYMAEL,1
JAÍBA,27,JOSE MARIA EYMAEL,1
TEÓFILO OTONI,27,JOSE MARIA EYMAEL,7
SÃO NICOLAU,27,JOSE MARIA EYMAEL,3
PARACAMBI,27,JOSE MARIA EYMAEL,2
LINDÓIA,27,JOSE MARIA EYMAEL,1
CAPÃO DO LEÃO,27,JOSE MARIA EYMAEL,1
ITABIRITO,27,JOSE MARIA EYMAEL,6
PARAÍSO DO TOCANTINS,27,JOSE MARIA EYMAEL,1
PEDRINHAS,27,JOSE MARIA EYMAEL,1
PITIMBU,27,JOSE MARIA EYMAEL,1
JACARAÚ,27,JOSE MARIA EYMAEL,1
GRANDES RIOS,27,JOSE MARIA EYMAEL,1
GAÚCHA DO NORTE,27,JOSE MARIA EYMAEL,1
ITAIPULÂNDIA,27,JOSE MARIA EYMAEL,1
WESTFALIA,27,JOSE MARIA EYMAEL,2
CONFINS,27,JOSE MARIA EYMAEL,1
PONTO NOVO,27,JOSE MARIA EYMAEL,2
BRASÍLIA DE MINAS,27,JOSE MARIA EYMAEL,2
ANTÔNIO PRADO,27,JOSE MARIA EYMAEL,2
EUGENÓPOLIS,27,JOSE MARIA EYMAEL,2
NOVA PETRÓPOLIS,27,JOSE MARIA EYMAEL,1
CONCEIÇÃO DA FEIRA,27,JOSE MARIA EYMAEL,1
ABADIA DE GOIÁS,27,JOSE MARIA EYMAEL,1
SABINO,27,JOSE MARIA EYMAEL,1
FERROS,27,JOSE MARIA EYMAEL,2
BREJO DO CRUZ,27,JOSE MARIA EYMAEL,2
MARZAGÃO,27,JOSE MARIA EYMAEL,1
BORDA DA MATA,27,JOSE MARIA EYMAEL,1
SANTO CRISTO,27,JOSE MARIA EYMAEL,1
ALDEIAS ALTAS,27,JOSE MARIA EYMAEL,1
SANTANA DO PARAÍSO,27,JOSE MARIA EYMAEL,3
FLOR DO SERTÃO,27,JOSE MARIA EYMAEL,1
GOIANIRA,27,JOSE MARIA EYMAEL,2
CUBATI,27,JOSE MARIA EYMAEL,1
RIACHUELO,27,JOSE MARIA EYMAEL,1
FLORAÍ,27,JOSE MARIA EYMAEL,1
CHOPINZINHO,27,JOSE MARIA EYMAEL,2
VENÂNCIO AIRES,27,JOSE MARIA EYMAEL,1
TAIPÉ,27,JOSE MARIA EYMAEL,1
CAPITÃO DE CAMPOS,27,JOSE MARIA EYMAEL,1
JAPOATÃ,27,JOSE MARIA EYMAEL,1
PIEDADE,27,JOSE MARIA EYMAEL,2
URUÇUCA,27,JOSE MARIA EYMAEL,2
CAPELA DE SANTANA,27,JOSE MARIA EYMAEL,1
ITAMARI,27,JOSE MARIA EYMAEL,1
ARAGUATINS,27,JOSE MARIA EYMAEL,2
CATUÍPE,27,JOSE MARIA EYMAEL,1
NORDESTINA,27,JOSE MARIA EYMAEL,3
CHUVISCA,27,JOSE MARIA EYMAEL,2
JARINU,27,JOSE MARIA EYMAEL,2
BARÃO DE MONTE ALTO,27,JOSE MARIA EYMAEL,1
ANASTÁCIO,27,JOSE MARIA EYMAEL,3
MONTE SANTO,27,JOSE MARIA EYMAEL,1
BRASILÂNDIA DO SUL,27,JOSE MARIA EYMAEL,1
CAMPO VERDE,27,JOSE MARIA EYMAEL,2
JUAZEIRO DO PIAUÍ,27,JOSE MARIA EYMAEL,1
SÃO CARLOS DO IVAÍ,27,JOSE MARIA EYMAEL,1
MISSÃO VELHA,27,JOSE MARIA EYMAEL,1
SÃO BERNARDO,27,JOSE MARIA EYMAEL,1
VILA PAVÃO,27,JOSE MARIA EYMAEL,1
SÉRIO,27,JOSE MARIA EYMAEL,1
CÂNDIDO GODÓI,27,JOSE MARIA EYMAEL,1
PINDARÉ-MIRIM,27,JOSE MARIA EYMAEL,1
PANCAS,27,JOSE MARIA EYMAEL,1
CACAULÂNDIA,27,JOSE MARIA EYMAEL,2
PARÁ DE MINAS,27,JOSE MARIA EYMAEL,3
ALVORADA DO NORTE,27,JOSE MARIA EYMAEL,1
BRASILÉIA,27,JOSE MARIA EYMAEL,3
DOM PEDRITO,27,JOSE MARIA EYMAEL,1
CAPITÃO ENÉAS,27,JOSE MARIA EYMAEL,1
SÃO LUÍS DO QUITUNDE,27,JOSE MARIA EYMAEL,1
ROQUE GONZALES,27,JOSE MARIA EYMAEL,1
SANTO ANTÔNIO DO PARAÍSO,27,JOSE MARIA EYMAEL,1
BIGUAÇU,27,JOSE MARIA EYMAEL,5
PEDRAS DE FOGO,27,JOSE MARIA EYMAEL,1
CRUZ DAS ALMAS,27,JOSE MARIA EYMAEL,1
AGROLÂNDIA,27,JOSE MARIA EYMAEL,1
ITAITINGA,27,JOSE MARIA EYMAEL,3
CONCEIÇÃO DE MACABU,27,JOSE MARIA EYMAEL,2
POCINHOS,27,JOSE MARIA EYMAEL,1
PEDRA BRANCA,27,JOSE MARIA EYMAEL,3
LAGOA NOVA,27,JOSE MARIA EYMAEL,1
BRASILÂNDIA DE MINAS,27,JOSE MARIA EYMAEL,2
INDAIAL,27,JOSE MARIA EYMAEL,2
RENASCENÇA,27,JOSE MARIA EYMAEL,1
COLORADO,27,JOSE MARIA EYMAEL,3
SENHOR DO BONFIM,27,JOSE MARIA EYMAEL,1
ALCOBAÇA,27,JOSE MARIA EYMAEL,1
PIRANGUÇU,27,JOSE MARIA EYMAEL,1
SANTA BÁRBARA DO SUL,27,JOSE MARIA EYMAEL,1
SERRITA,27,JOSE MARIA EYMAEL,1
SÃO JOÃO DO IVAÍ,27,JOSE MARIA EYMAEL,1
BURI,27,JOSE MARIA EYMAEL,1
DIVINO DAS LARANJEIRAS,27,JOSE MARIA EYMAEL,1
SANTA GERTRUDES,27,JOSE MARIA EYMAEL,2
MACAÍBA,27,JOSE MARIA EYMAEL,2
DOM FELICIANO,27,JOSE MARIA EYMAEL,1
SANTANA DO GARAMBÉU,27,JOSE MARIA EYMAEL,1
JACUTINGA,27,JOSE MARIA EYMAEL,1
MONTE ALEGRE DO PIAUÍ,27,JOSE MARIA EYMAEL,1
BREU BRANCO,27,JOSE MARIA EYMAEL,2
SIDERÓPOLIS,27,JOSE MARIA EYMAEL,1
PORTO ACRE,27,JOSE MARIA EYMAEL,1
NOSSA SENHORA DAS DORES,27,JOSE MARIA EYMAEL,2
SENA MADUREIRA,27,JOSE MARIA EYMAEL,2
ITAMBÉ,27,JOSE MARIA EYMAEL,4
HIDROLÂNDIA,27,JOSE MARIA EYMAEL,1
IGUABA GRANDE,27,JOSE MARIA EYMAEL,1
SÃO THOMÉ DAS LETRAS,27,JOSE MARIA EYMAEL,1
BAGRE,27,JOSE MARIA EYMAEL,2
APERIBÉ,27,JOSE MARIA EYMAEL,3
TURIÚBA,27,JOSE MARIA EYMAEL,1
JUATUBA,27,JOSE MARIA EYMAEL,2
MARAÚ,27,JOSE MARIA EYMAEL,1
COPENHAGUE,27,JOSE MARIA EYMAEL,2
POCRANE,27,JOSE MARIA EYMAEL,1
TABULEIRO,27,JOSE MARIA EYMAEL,1
CHAPADÃO DO CÉU,27,JOSE MARIA EYMAEL,1
ASSIS CHATEAUBRIAND,27,JOSE MARIA EYMAEL,1
TABOLEIRO GRANDE,27,JOSE MARIA EYMAEL,1
GOUVEIA,27,JOSE MARIA EYMAEL,3
TRACUNHAÉM,27,JOSE MARIA EYMAEL,2
SÃO JOSÉ DO CAMPESTRE,27,JOSE MARIA EYMAEL,2
MANGA,27,JOSE MARIA EYMAEL,1
SÃO VALENTIM DO SUL,27,JOSE MARIA EYMAEL,1
IRANDUBA,27,JOSE MARIA EYMAEL,2
PIRATINI,27,JOSE MARIA EYMAEL,1
SILVES,27,JOSE MARIA EYMAEL,1
AMARANTE,27,JOSE MARIA EYMAEL,1
SÃO VICENTE FERRER,27,JOSE MARIA EYMAEL,1
MONTENEGRO,27,JOSE MARIA EYMAEL,3
VIDEIRA,27,JOSE MARIA EYMAEL,2
MATO LEITÃO,27,JOSE MARIA EYMAEL,1
SANTA ROSA DE LIMA,27,JOSE MARIA EYMAEL,1
HARMONIA,27,JOSE MARIA EYMAEL,1
CANARANA,27,JOSE MARIA EYMAEL,1
IPIRANGA DO NORTE,27,JOSE MARIA EYMAEL,1
ITAOBIM,27,JOSE MARIA EYMAEL,2
MOMBAÇA,27,JOSE MARIA EYMAEL,3
CAJAZEIRAS,27,JOSE MARIA EYMAEL,3
IPORÁ,27,JOSE MARIA EYMAEL,1
SÃO MIGUEL DOS CAMPOS,27,JOSE MARIA EYMAEL,4
SALGUEIRO,27,JOSE MARIA EYMAEL,2
NEPOMUCENO,27,JOSE MARIA EYMAEL,1
PONTAL,27,JOSE MARIA EYMAEL,1
IVAÍ,27,JOSE MARIA EYMAEL,3
EQUADOR,27,JOSE MARIA EYMAEL,1
DURANDÉ,27,JOSE MARIA EYMAEL,3
QUISSAMÃ,27,JOSE MARIA EYMAEL,1
PALMEIRAS DE GOIÁS,27,JOSE MARIA EYMAEL,1
OLHO D ÁGUA,27,JOSE MARIA EYMAEL,1
GUARIBA,27,JOSE MARIA EYMAEL,1
ITAPIRAPUÃ,27,JOSE MARIA EYMAEL,1
GENTIO DO OURO,27,JOSE MARIA EYMAEL,2
BACABEIRA,27,JOSE MARIA EYMAEL,1
SANTO AUGUSTO,27,JOSE MARIA EYMAEL,2
LAJES,27,JOSE MARIA EYMAEL,2
CORINTO,27,JOSE MARIA EYMAEL,3
TARAUACÁ,27,JOSE MARIA EYMAEL,1
SANTA RITA DO TRIVELATO,27,JOSE MARIA EYMAEL,1
PALMEIRA DAS MISSÕES,27,JOSE MARIA EYMAEL,1
PILAR,27,JOSE MARIA EYMAEL,2
CONDOR,27,JOSE MARIA EYMAEL,2
SÃO LUIZ,27,JOSE MARIA EYMAEL,1
LOGRADOURO,27,JOSE MARIA EYMAEL,2
MIRANDA,27,JOSE MARIA EYMAEL,1
SERRANÓPOLIS DO IGUAÇU,27,JOSE MARIA EYMAEL,2
QUIXERÉ,27,JOSE MARIA EYMAEL,1
ANDRADAS,27,JOSE MARIA EYMAEL,1
CASCA,27,JOSE MARIA EYMAEL,1
SILVA JARDIM,27,JOSE MARIA EYMAEL,4
TUPÃSSI,27,JOSE MARIA EYMAEL,2
SERRINHA DOS PINTOS,27,JOSE MARIA EYMAEL,1
BRASNORTE,27,JOSE MARIA EYMAEL,1
PRESIDENTE GETÚLIO,27,JOSE MARIA EYMAEL,1
ALCÂNTARA,27,JOSE MARIA EYMAEL,1
CIPÓ,27,JOSE MARIA EYMAEL,1
SÃO JOSÉ DA SAFIRA,27,JOSE MARIA EYMAEL,1
JOSÉ DE FREITAS,27,JOSE MARIA EYMAEL,1
JURUTI,27,JOSE MARIA EYMAEL,1
BODOCÓ,27,JOSE MARIA EYMAEL,1
ORIXIMINÁ,27,JOSE MARIA EYMAEL,1
RIOZINHO,27,JOSE MARIA EYMAEL,3
SALES OLIVEIRA,27,JOSE MARIA EYMAEL,4
CAREIRO,27,JOSE MARIA EYMAEL,1
WASHINGTON,27,JOSE MARIA EYMAEL,2
COMBINADO,27,JOSE MARIA EYMAEL,1
PAU D ARCO,27,JOSE MARIA EYMAEL,3
CURIONÓPOLIS,27,JOSE MARIA EYMAEL,1
PARAMARIBO,27,JOSE MARIA EYMAEL,1
CEDRO,27,JOSE MARIA EYMAEL,2
JAGUARIÚNA,27,JOSE MARIA EYMAEL,2
BAIÃO,27,JOSE MARIA EYMAEL,1
SÃO CAETANO DE ODIVELAS,27,JOSE MARIA EYMAEL,1
CACIMBA DE DENTRO,27,JOSE MARIA EYMAEL,1
CACHOEIRA DOURADA,27,JOSE MARIA EYMAEL,1
TIBAGI,27,JOSE MARIA EYMAEL,1
DESCOBERTO,27,JOSE MARIA EYMAEL,1
NOVA ESPERANÇA DO SUDOESTE,27,JOSE MARIA EYMAEL,1
VARZELÂNDIA,27,JOSE MARIA EYMAEL,1
LAJE,27,JOSE MARIA EYMAEL,1
DIVINOLÂNDIA,27,JOSE MARIA EYMAEL,1
AURIFLAMA,27,JOSE MARIA EYMAEL,1
SERRA DO MEL,27,JOSE MARIA EYMAEL,2
IACRI,27,JOSE MARIA EYMAEL,1
CANTAGALO,27,JOSE MARIA EYMAEL,3
ITAOCARA,27,JOSE MARIA EYMAEL,1
ANGELINA,27,JOSE MARIA EYMAEL,1
DIVINO DE SÃO LOURENÇO,27,JOSE MARIA EYMAEL,1
ARATUBA,27,JOSE MARIA EYMAEL,1
CAMPO MAGRO,27,JOSE MARIA EYMAEL,2
MIRANTE DO PARANAPANEMA,27,JOSE MARIA EYMAEL,1
NOVA ESPERANÇA,27,JOSE MARIA EYMAEL,2
FÁTIMA,27,JOSE MARIA EYMAEL,2
AVEIRO,27,JOSE MARIA EYMAEL,1
VIADUTOS,27,JOSE MARIA EYMAEL,1
POTÉ,27,JOSE MARIA EYMAEL,1
CURAÇÁ,27,JOSE MARIA EYMAEL,1
ITAPORANGA,27,JOSE MARIA EYMAEL,2
PIMENTA BUENO,27,JOSE MARIA EYMAEL,1
ESPERA FELIZ,27,JOSE MARIA EYMAEL,1
MARACAÇUMÉ,27,JOSE MARIA EYMAEL,1
IBITIRAMA,27,JOSE MARIA EYMAEL,1
ATENAS,27,JOSE MARIA EYMAEL,1
MASSARANDUBA,27,JOSE MARIA EYMAEL,3
SÃO SEBASTIÃO DO PASSÉ,27,JOSE MARIA EYMAEL,1
CAMPOS NOVOS,27,JOSE MARIA EYMAEL,1
PORANGA,27,JOSE MARIA EYMAEL,1
IRITUIA,27,JOSE MARIA EYMAEL,1
MADRE DE DEUS DE MINAS,27,JOSE MARIA EYMAEL,3
SÃO JOSÉ DO HORTÊNCIO,27,JOSE MARIA EYMAEL,2
CARPINA,27,JOSE MARIA EYMAEL,1
ALEGRE,27,JOSE MARIA EYMAEL,2
SANTA MARIA DO CAMBUCÁ,27,JOSE MARIA EYMAEL,1
SÃO GONÇALO DOS CAMPOS,27,JOSE MARIA EYMAEL,3
PARIQUERA-AÇU,27,JOSE MARIA EYMAEL,1
BRANQUINHA,27,JOSE MARIA EYMAEL,1
ÁLVARO DE CARVALHO,27,JOSE MARIA EYMAEL,1
RIO QUENTE,27,JOSE MARIA EYMAEL,1
ITIRAPINA,27,JOSE MARIA EYMAEL,1
CACHOEIRA DA PRATA,27,JOSE MARIA EYMAEL,1
VERA CRUZ,27,JOSE MARIA EYMAEL,2
SARUTAIÁ,27,JOSE MARIA EYMAEL,1
SANDOLÂNDIA,27,JOSE MARIA EYMAEL,1
PALMEIRINA,27,JOSE MARIA EYMAEL,1
COELHO NETO,27,JOSE MARIA EYMAEL,1
BRAÇO DO NORTE,27,JOSE MARIA EYMAEL,2
COLINAS,27,JOSE MARIA EYMAEL,1
BARRA DO BUGRES,27,JOSE MARIA EYMAEL,10
CUITÉ,27,JOSE MARIA EYMAEL,2
PAVERAMA,27,JOSE MARIA EYMAEL,1
SÃO JOSÉ DA BOA VISTA,27,JOSE MARIA EYMAEL,1
BARBALHA,27,JOSE MARIA EYMAEL,1
GOVERNADOR JORGE TEIXEIRA,27,JOSE MARIA EYMAEL,1
AMAMBAI,27,JOSE MARIA EYMAEL,2
PRESIDENTE JUSCELINO,27,JOSE MARIA EYMAEL,1
LAGOA SECA,27,JOSE MARIA EYMAEL,4
SOLÂNEA,27,JOSE MARIA EYMAEL,3
QUEIMADAS,27,JOSE MARIA EYMAEL,2
JUSSARA,27,JOSE MARIA EYMAEL,2
TARUMIRIM,27,JOSE MARIA EYMAEL,1
JOÃO CÂMARA,27,JOSE MARIA EYMAEL,1
FLORES,27,JOSE MARIA EYMAEL,2
CAMPO AZUL,27,JOSE MARIA EYMAEL,1
FUNILÂNDIA,27,JOSE MARIA EYMAEL,1
MIGUELÓPOLIS,27,JOSE MARIA EYMAEL,1
ACREÚNA,27,JOSE MARIA EYMAEL,1
SALTO GRANDE,27,JOSE MARIA EYMAEL,2
SALTO DA DIVISA,27,JOSE MARIA EYMAEL,1
CHÃ GRANDE,27,JOSE MARIA EYMAEL,1
LIMOEIRO,27,JOSE MARIA EYMAEL,2
BERURI,27,JOSE MARIA EYMAEL,1
CACIMBINHAS,27,JOSE MARIA EYMAEL,1
PRESIDENTE FIGUEIREDO,27,JOSE MARIA EYMAEL,1
ENCANTADO,27,JOSE MARIA EYMAEL,1
MANAÍRA,27,JOSE MARIA EYMAEL,1
CURURUPU,27,JOSE MARIA EYMAEL,2
CASINHAS,27,JOSE MARIA EYMAEL,1
SANTA TEREZINHA,27,JOSE MARIA EYMAEL,1
RIO LARGO,27,JOSE MARIA EYMAEL,3
SETE QUEDAS,27,JOSE MARIA EYMAEL,1
BENTO FERNANDES,27,JOSE MARIA EYMAEL,1
ICÉM,27,JOSE MARIA EYMAEL,2
MARECHAL DEODORO,27,JOSE MARIA EYMAEL,1
RORAINÓPOLIS,27,JOSE MARIA EYMAEL,1
BANDEIRANTE,27,JOSE MARIA EYMAEL,1
GONÇALVES DIAS,27,JOSE MARIA EYMAEL,1
SOMBRIO,27,JOSE MARIA EYMAEL,1
NATUBA,27,JOSE MARIA EYMAEL,1
CHOROZINHO,27,JOSE MARIA EYMAEL,1
MÃE DO RIO,27,JOSE MARIA EYMAEL,3
MALACACHETA,27,JOSE MARIA EYMAEL,3
SANTA FÉ DO SUL,27,JOSE MARIA EYMAEL,2
LAVÍNIA,27,JOSE MARIA EYMAEL,1
NOVA INDEPENDÊNCIA,27,JOSE MARIA EYMAEL,1
PORCIÚNCULA,27,JOSE MARIA EYMAEL,1
COMODORO,27,JOSE MARIA EYMAEL,1
BELA VISTA DO PIAUÍ,27,JOSE MARIA EYMAEL,1
PARANAÍTA,27,JOSE MARIA EYMAEL,1
SÃO FELIPE,27,JOSE MARIA EYMAEL,2
PASSA SETE,27,JOSE MARIA EYMAEL,1
MURITIBA,27,JOSE MARIA EYMAEL,2
PORTO REAL,27,JOSE MARIA EYMAEL,4
ROSÁRIO DO IVAÍ,27,JOSE MARIA EYMAEL,1
JAGUARUANA,27,JOSE MARIA EYMAEL,1
UBATÃ,27,JOSE MARIA EYMAEL,1
NOVA SOURE,27,JOSE MARIA EYMAEL,2
CENTENÁRIO,27,JOSE MARIA EYMAEL,1
CASA BRANCA,27,JOSE MARIA EYMAEL,1
BRASIL NOVO,27,JOSE MARIA EYMAEL,2
GOIANÉSIA DO PARÁ,27,JOSE MARIA EYMAEL,1
PEDRÃO,27,JOSE MARIA EYMAEL,1
CAMPO ALEGRE DE LOURDES,27,JOSE MARIA EYMAEL,2
CANAÃ,27,JOSE MARIA EYMAEL,1
ITAPURANGA,27,JOSE MARIA EYMAEL,2
JÚLIO MESQUITA,27,JOSE MARIA EYMAEL,1
JAPIRA,27,JOSE MARIA EYMAEL,1
MAXIMILIANO DE ALMEIDA,27,JOSE MARIA EYMAEL,1
BOM REPOUSO,27,JOSE MARIA EYMAEL,1
SÃO BENTO DO SAPUCAÍ,27,JOSE MARIA EYMAEL,1
MORUNGABA,27,JOSE MARIA EYMAEL,1
NOVA ESPERANÇA DO SUL,27,JOSE MARIA EYMAEL,1
ALTÔNIA,27,JOSE MARIA EYMAEL,2
LAMBARI,27,JOSE MARIA EYMAEL,3
ITAIÇABA,27,JOSE MARIA EYMAEL,1
LUÍS DOMINGUES,27,JOSE MARIA EYMAEL,1
PRADÓPOLIS,27,JOSE MARIA EYMAEL,1
CORAÇÃO DE MARIA,27,JOSE MARIA EYMAEL,1
BORBA,27,JOSE MARIA EYMAEL,1
RODRIGUES ALVES,27,JOSE MARIA EYMAEL,1
BARÃO DE GRAJAÚ,27,JOSE MARIA EYMAEL,1
PESQUEIRA,27,JOSE MARIA EYMAEL,1
SANTA LUZIA DO ITANHY,27,JOSE MARIA EYMAEL,1
SOCORRO,27,JOSE MARIA EYMAEL,1
RIANÁPOLIS,27,JOSE MARIA EYMAEL,1
COROACI,27,JOSE MARIA EYMAEL,1
CAMBIRA,27,JOSE MARIA EYMAEL,1
SANTO ANTÔNIO DE GOIÁS,27,JOSE MARIA EYMAEL,1
SANCLERLÂNDIA,27,JOSE MARIA EYMAEL,1
RAMALLAH,27,JOSE MARIA EYMAEL,1
INDIAPORÃ,27,JOSE MARIA EYMAEL,2
CAPELA DO ALTO ALEGRE,27,JOSE MARIA EYMAEL,1
RIBEIRÃO CORRENTE,27,JOSE MARIA EYMAEL,1
SÃO SEBASTIÃO DO MARANHÃO,27,JOSE MARIA EYMAEL,1
ONÇA DE PITANGUI,27,JOSE MARIA EYMAEL,1
PEDRA,27,JOSE MARIA EYMAEL,1
ALTO TAQUARI,27,JOSE MARIA EYMAEL,1
SÃO FRANCISCO DE ASSIS,27,JOSE MARIA EYMAEL,2
PARNAGUÁ,27,JOSE MARIA EYMAEL,1
CAMAPUÃ,27,JOSE MARIA EYMAEL,1
DOM EXPEDITO LOPES,27,JOSE MARIA EYMAEL,3
MARAGOGI,27,JOSE MARIA EYMAEL,2
FLORESTA DO ARAGUAIA,27,JOSE MARIA EYMAEL,1
CAETÉ,27,JOSE MARIA EYMAEL,3
BONFINÓPOLIS,27,JOSE MARIA EYMAEL,1
CRISTAIS PAULISTA,27,JOSE MARIA EYMAEL,1
BELA VISTA,27,JOSE MARIA EYMAEL,2
SANTANA DO SÃO FRANCISCO,27,JOSE MARIA EYMAEL,1
PORTO FRANCO,27,JOSE MARIA EYMAEL,1
PACAJUS,27,JOSE MARIA EYMAEL,1
MARA ROSA,27,JOSE MARIA EYMAEL,1
CANGUÇU,27,JOSE MARIA EYMAEL,1
ESPLANADA,27,JOSE MARIA EYMAEL,1
SÃO DOMINGOS DO AZEITÃO,27,JOSE MARIA EYMAEL,1
SÃO JOSÉ DE MIPIBU,27,JOSE MARIA EYMAEL,1
NOSSA SENHORA DO LIVRAMENTO,27,JOSE MARIA EYMAEL,1
MARCOLÂNDIA,27,JOSE MARIA EYMAEL,1
TRÊS DE MAIO,27,JOSE MARIA EYMAEL,1
VERA,27,JOSE MARIA EYMAEL,2
IMARUÍ,27,JOSE MARIA EYMAEL,1
CÂNDIDO MOTA,27,JOSE MARIA EYMAEL,1
GUAPIAÇU,27,JOSE MARIA EYMAEL,1
PILÕES,27,JOSE MARIA EYMAEL,1
CARMO DO CAJURU,27,JOSE MARIA EYMAEL,1
PASSOS MAIA,27,JOSE MARIA EYMAEL,1
PRATA,27,JOSE MARIA EYMAEL,1
BARRA VELHA,27,JOSE MARIA EYMAEL,2
ARATUÍPE,27,JOSE MARIA EYMAEL,1
TOBIAS BARRETO,27,JOSE MARIA EYMAEL,1
NAVIRAÍ,27,JOSE MARIA EYMAEL,2
SAUBARA,27,JOSE MARIA EYMAEL,1
CABIXI,27,JOSE MARIA EYMAEL,1
CAIAPÔNIA,27,JOSE MARIA EYMAEL,1
BARREIROS,27,JOSE MARIA EYMAEL,1
PARANAIGUARA,27,JOSE MARIA EYMAEL,2
JAPI,27,JOSE MARIA EYMAEL,1
CAEM,27,JOSE MARIA EYMAEL,1
JUNDIAÍ DO SUL,27,JOSE MARIA EYMAEL,1
BOCA DA MATA,27,JOSE MARIA EYMAEL,1
JOAQUIM NABUCO,27,JOSE MARIA EYMAEL,1
CURIÚVA,27,JOSE MARIA EYMAEL,1
CANITAR,27,JOSE MARIA EYMAEL,1
SOCORRO DO PIAUÍ,27,JOSE MARIA EYMAEL,1
NOVA SANTA BÁRBARA,27,JOSE MARIA EYMAEL,1
TANGARÁ DA SERRA,27,JOSE MARIA EYMAEL,3
JOÃO COSTA,27,JOSE MARIA EYMAEL,1
CAMPO ALEGRE,27,JOSE MARIA EYMAEL,2
MACAPARANA,27,JOSE MARIA EYMAEL,1
TIGRINHOS,27,JOSE MARIA EYMAEL,1
ALTO PARANÁ,27,JOSE MARIA EYMAEL,2
GOIANÉSIA,27,JOSE MARIA EYMAEL,1
CAIANA,27,JOSE MARIA EYMAEL,1
BARÃO,27,JOSE MARIA EYMAEL,1
CAJURU,27,JOSE MARIA EYMAEL,1
PARANAPUÃ,27,JOSE MARIA EYMAEL,1
JARAGUÁ,27,JOSE MARIA EYMAEL,1
FERNANDES TOURINHO,27,JOSE MARIA EYMAEL,1
CONDEÚBA,27,JOSE MARIA EYMAEL,1
DESCALVADO,27,JOSE MARIA EYMAEL,1
RIALMA,27,JOSE MARIA EYMAEL,1
NOVA ITARANA,27,JOSE MARIA EYMAEL,1
ANGELÂNDIA,27,JOSE MARIA EYMAEL,1
SETE BARRAS,27,JOSE MARIA EYMAEL,1
CATAS ALTAS,27,JOSE MARIA EYMAEL,1
CAMPINAS DO PIAUÍ,27,JOSE MARIA EYMAEL,1
ITAÚBA,27,JOSE MARIA EYMAEL,1
POMBAL,27,JOSE MARIA EYMAEL,1
FREDERICO WESTPHALEN,27,JOSE MARIA EYMAEL,2
MARILUZ,27,JOSE MARIA EYMAEL,1
BELA VISTA DO PARAÍSO,27,JOSE MARIA EYMAEL,2
PARNARAMA,27,JOSE MARIA EYMAEL,1
NOVA SANTA RITA,27,JOSE MARIA EYMAEL,1
JURU,27,JOSE MARIA EYMAEL,1
HERVAL,27,JOSE MARIA EYMAEL,1
TERRA DE AREIA,27,JOSE MARIA EYMAEL,1
GOIANÁ,27,JOSE MARIA EYMAEL,1
BARRACÃO,27,JOSE MARIA EYMAEL,1
PIRPIRITUBA,27,JOSE MARIA EYMAEL,1
JACI,27,JOSE MARIA EYMAEL,1
TAMBAÚ,27,JOSE MARIA EYMAEL,1
QUEIROZ,27,JOSE MARIA EYMAEL,1
GROSSOS,27,JOSE MARIA EYMAEL,1
BURITI,27,JOSE MARIA EYMAEL,1
GLAUCILÂNDIA,27,JOSE MARIA EYMAEL,1
MONTE ALEGRE DO SUL,27,JOSE MARIA EYMAEL,1
CAROLINA,27,JOSE MARIA EYMAEL,2
ITAGIMIRIM,27,JOSE MARIA EYMAEL,2
GLÓRIA DO GOITÁ,27,JOSE MARIA EYMAEL,1
INHAPI,27,JOSE MARIA EYMAEL,1
CAMBERRA,27,JOSE MARIA EYMAEL,1
BELMONTE,27,JOSE MARIA EYMAEL,1
SÃO JERÔNIMO DA SERRA,27,JOSE MARIA EYMAEL,2
PRESIDENTE VARGAS,27,JOSE MARIA EYMAEL,1
SÃO SEBASTIÃO DA BOA VISTA,27,JOSE MARIA EYMAEL,1
BURITI DE GOIÁS,27,JOSE MARIA EYMAEL,1
SANTA FÉ,27,JOSE MARIA EYMAEL,1
CAPITÓLIO,27,JOSE MARIA EYMAEL,1
ESPÍRITO SANTO,27,JOSE MARIA EYMAEL,1
SÃO JOSÉ DA LAPA,27,JOSE MARIA EYMAEL,1
NOVA ESPERANÇA DO PIRIÁ,27,JOSE MARIA EYMAEL,1
ITAMBARACÁ,27,JOSE MARIA EYMAEL,1
SÃO JOSÉ DA LAJE,27,JOSE MARIA EYMAEL,1
CAMACÃ,27,JOSE MARIA EYMAEL,1
PAULISTÂNIA,27,JOSE MARIA EYMAEL,1
BUTIÁ,27,JOSE MARIA EYMAEL,2
PAINS,27,JOSE MARIA EYMAEL,1
IBIRACI,27,JOSE MARIA EYMAEL,1
SÃO GONÇALO DO SAPUCAÍ,27,JOSE MARIA EYMAEL,2
MONSENHOR TABOSA,27,JOSE MARIA EYMAEL,1
JUTAÍ,27,JOSE MARIA EYMAEL,1
SÃO RAIMUNDO NONATO,27,JOSE MARIA EYMAEL,1
SÃO DOMINGOS DO ARAGUAIA,27,JOSE MARIA EYMAEL,1
MOMBUCA,27,JOSE MARIA EYMAEL,1
MONTEVIDÉU,27,JOSE MARIA EYMAEL,3
ITAPISSUMA,27,JOSE MARIA EYMAEL,1
NANUQUE,27,JOSE MARIA EYMAEL,1
VERÍSSIMO,27,JOSE MARIA EYMAEL,1
ALTA FLORESTA D OESTE,27,JOSE MARIA EYMAEL,1
CARACARAÍ,27,JOSE MARIA EYMAEL,1
JUNDIÁ,27,JOSE MARIA EYMAEL,1
IBIÁ,27,JOSE MARIA EYMAEL,1
IBITIARA,27,JOSE MARIA EYMAEL,1
ABARÉ,27,JOSE MARIA EYMAEL,1
CACHOEIRA DE GOIÁS,27,JOSE MARIA EYMAEL,1
SÃO JOÃO DA PONTE,27,JOSE MARIA EYMAEL,1
MATUPÁ,27,JOSE MARIA EYMAEL,1
BARÃO DE COCAIS,27,JOSE MARIA EYMAEL,1
ALEGRETE,27,JOSE MARIA EYMAEL,2
BAIXA GRANDE DO RIBEIRO,27,JOSE MARIA EYMAEL,1
PEIXE-BOI,27,JOSE MARIA EYMAEL,1
TEOTÔNIO VILELA,27,JOSE MARIA EYMAEL,2
ASSAÍ,27,JOSE MARIA EYMAEL,1
ERVAL GRANDE,27,JOSE MARIA EYMAEL,1
MARTINÓPOLIS,27,JOSE MARIA EYMAEL,1
SÃO FRANCISCO DO MARANHÃO,27,JOSE MARIA EYMAEL,1
PIRACANJUBA,27,JOSE MARIA EYMAEL,1
SANGÃO,27,JOSE MARIA EYMAEL,1
SOUTO SOARES,27,JOSE MARIA EYMAEL,1
PIRAPETINGA,27,JOSE MARIA EYMAEL,1
RAFAEL JAMBEIRO,27,JOSE MARIA EYMAEL,1
UBAPORANGA,27,JOSE MARIA EYMAEL,2
ITAVERAVA,27,JOSE MARIA EYMAEL,1
ROLÂNDIA,27,JOSE MARIA EYMAEL,1
SÃO FRANCISCO DE PAULA,27,JOSE MARIA EYMAEL,3
ANITÁPOLIS,27,JOSE MARIA EYMAEL,1
MARAÃ,27,JOSE MARIA EYMAEL,1
CANUDOS,27,JOSE MARIA EYMAEL,1
BENJAMIN CONSTANT,27,JOSE MARIA EYMAEL,1
DENISE,27,JOSE MARIA EYMAEL,1
LADÁRIO,27,JOSE MARIA EYMAEL,1
SÃO FIDÉLIS,27,JOSE MARIA EYMAEL,1
JAGUARIBARA,27,JOSE MARIA EYMAEL,1
PLANALTO ALEGRE,27,JOSE MARIA EYMAEL,1
RIO VERMELHO,27,JOSE MARIA EYMAEL,1
JACUIZINHO,27,JOSE MARIA EYMAEL,1
VIRGEM DA LAPA,27,JOSE MARIA EYMAEL,1
PRADOS,27,JOSE MARIA EYMAEL,1
IPIRANGA,27,JOSE MARIA EYMAEL,2
LAJEDINHO,27,JOSE MARIA EYMAEL,1
GODOY MOREIRA,27,JOSE MARIA EYMAEL,1
BONFIM,27,JOSE MARIA EYMAEL,1
TAPIRATIBA,27,JOSE MARIA EYMAEL,1
CAMPINA DO MONTE ALEGRE,27,JOSE MARIA EYMAEL,1
RIACHO DE SANTANA,27,JOSE MARIA EYMAEL,1
MAUÉS,27,JOSE MARIA EYMAEL,1
FELIZ NATAL,27,JOSE MARIA EYMAEL,1
CASTELÂNDIA,27,JOSE MARIA EYMAEL,1
SABOEIRO,27,JOSE MARIA EYMAEL,2
MAURILÂNDIA DO TOCANTINS,27,JOSE MARIA EYMAEL,1
PIRITIBA,27,JOSE MARIA EYMAEL,1
FREI LAGONEGRO,27,JOSE MARIA EYMAEL,2
DOMINGOS MOURÃO,27,JOSE MARIA EYMAEL,2
CORTÊS,27,JOSE MARIA EYMAEL,1
FLORIANO PEIXOTO,27,JOSE MARIA EYMAEL,1
SÃO PAULO DE OLIVENÇA,27,JOSE MARIA EYMAEL,1
CRUZ,27,JOSE MARIA EYMAEL,1
RIBEIRÓPOLIS,27,JOSE MARIA EYMAEL,1
GRANJA,27,JOSE MARIA EYMAEL,1
CRAÍBAS,27,JOSE MARIA EYMAEL,1
TEGUCIGALPA,27,JOSE MARIA EYMAEL,1
CHARQUEADAS,27,JOSE MARIA EYMAEL,1
IBIAÇÁ,27,JOSE MARIA EYMAEL,1
ALEXANDRIA,27,JOSE MARIA EYMAEL,1
CONCEIÇÃO DOS OUROS,27,JOSE MARIA EYMAEL,1
FELÍCIO DOS SANTOS,27,JOSE MARIA EYMAEL,2
NEVES PAULISTA,27,JOSE MARIA EYMAEL,1
QUATIGUÁ,27,JOSE MARIA EYMAEL,1
PORANGABA,27,JOSE MARIA EYMAEL,1
SÃO LUÍS GONZAGA DO MARANHÃO,27,JOSE MARIA EYMAEL,2
SANTO ANTÔNIO DO LEVERGER,27,JOSE MARIA EYMAEL,1
ABREULÂNDIA,27,JOSE MARIA EYMAEL,1
BELO VALE,27,JOSE MARIA EYMAEL,1
PEDRO OSÓRIO,27,JOSE MARIA EYMAEL,1
MATARACA,27,JOSE MARIA EYMAEL,1
UNIFLOR,27,JOSE MARIA EYMAEL,1
UMBURANAS,27,JOSE MARIA EYMAEL,1
FORMOSO DO ARAGUAIA,27,JOSE MARIA EYMAEL,1
BOM JESUS DO TOCANTINS,27,JOSE MARIA EYMAEL,1
ARAUÁ,27,JOSE MARIA EYMAEL,1
TAPIRA,27,JOSE MARIA EYMAEL,1
JERICÓ,27,JOSE MARIA EYMAEL,1
ITIRUÇU,27,JOSE MARIA EYMAEL,1
MISSAL,27,JOSE MARIA EYMAEL,1
RESSAQUINHA,27,JOSE MARIA EYMAEL,1
XAXIM,27,JOSE MARIA EYMAEL,1
PAJEÚ DO PIAUÍ,27,JOSE MARIA EYMAEL,1
CARIÚS,27,JOSE MARIA EYMAEL,2
CANDIOTA,27,JOSE MARIA EYMAEL,1
GAROPABA,27,JOSE MARIA EYMAEL,1
PENEDO,27,JOSE MARIA EYMAEL,1
SIQUEIRA CAMPOS,27,JOSE MARIA EYMAEL,1
SÃO GABRIEL DA PALHA,27,JOSE MARIA EYMAEL,1
CORRENTES,27,JOSE MARIA EYMAEL,1
SINGAPURA,27,JOSE MARIA EYMAEL,1
LAPÃO,27,JOSE MARIA EYMAEL,1
AFRÂNIO,27,JOSE MARIA EYMAEL,1
MUANÁ,27,JOSE MARIA EYMAEL,1
VARSÓVIA,27,JOSE MARIA EYMAEL,1
SÃO DOMINGOS DAS DORES,27,JOSE MARIA EYMAEL,1
PONTO DOS VOLANTES,27,JOSE MARIA EYMAEL,1
CANGUARETAMA,27,JOSE MARIA EYMAEL,1
SANTA ISABEL DO PARÁ,27,JOSE MARIA EYMAEL,1
TUPANDI,27,JOSE MARIA EYMAEL,1
SERAFINA CORRÊA,27,JOSE MARIA EYMAEL,1
ALTO FELIZ,27,JOSE MARIA EYMAEL,1
BAIXO GUANDU,27,JOSE MARIA EYMAEL,3
PACOTI,27,JOSE MARIA EYMAEL,1
FONTE BOA,27,JOSE MARIA EYMAEL,1
PEDRINHAS PAULISTA,27,JOSE MARIA EYMAEL,1
HONG KONG,27,JOSE MARIA EYMAEL,1
RUBIÁCEA,27,JOSE MARIA EYMAEL,1
TACIMA,27,JOSE MARIA EYMAEL,1
PIÚMA,27,JOSE MARIA EYMAEL,1
AGUDO,27,JOSE MARIA EYMAEL,1
BACURI,27,JOSE MARIA EYMAEL,1
JEREMOABO,27,JOSE MARIA EYMAEL,1
MORRO REUTER,27,JOSE MARIA EYMAEL,1
SUD MENNUCCI,27,JOSE MARIA EYMAEL,1
PARAMBU,27,JOSE MARIA EYMAEL,1
CONCEIÇÃO DO LAGO-AÇU,27,JOSE MARIA EYMAEL,1
LOBATO,27,JOSE MARIA EYMAEL,1
CAAPORÃ,27,JOSE MARIA EYMAEL,1
BODOQUENA,27,JOSE MARIA EYMAEL,1
SANTO ANTÔNIO DE POSSE,27,JOSE MARIA EYMAEL,1
COLMÉIA,27,JOSE MARIA EYMAEL,1
IPUBI,27,JOSE MARIA EYMAEL,1
GAMELEIRA,27,JOSE MARIA EYMAEL,1
ANDORINHA,27,JOSE MARIA EYMAEL,1
ESTRELA DALVA,27,JOSE MARIA EYMAEL,1
TARUMÃ,27,JOSE MARIA EYMAEL,1
TROMBUDO CENTRAL,27,JOSE MARIA EYMAEL,1
VILA MARIA,27,JOSE MARIA EYMAEL,1
IPUPIARA,27,JOSE MARIA EYMAEL,1
ITUPORANGA,27,JOSE MARIA EYMAEL,1
PEDRA BELA,27,JOSE MARIA EYMAEL,1
BURITIRANA,27,JOSE MARIA EYMAEL,1
ITAMARANDIBA,27,JOSE MARIA EYMAEL,1
VANINI,27,JOSE MARIA EYMAEL,1
CAMPOS BELOS,27,JOSE MARIA EYMAEL,1
MILAGRES,27,JOSE MARIA EYMAEL,2
MURIBECA,27,JOSE MARIA EYMAEL,1
SÃO LUÍS DO CURU,27,JOSE MARIA EYMAEL,1
SÃO JOÃO NEPOMUCENO,27,JOSE MARIA EYMAEL,2
VÁRZEA NOVA,27,JOSE MARIA EYMAEL,1
MERUOCA,27,JOSE MARIA EYMAEL,1
CERQUEIRA CÉSAR,27,JOSE MARIA EYMAEL,1
CERRO GRANDE,27,JOSE MARIA EYMAEL,1
SALTO DO CÉU,27,JOSE MARIA EYMAEL,1
IGUAÍ,27,JOSE MARIA EYMAEL,1
JAPARAÍBA,27,JOSE MARIA EYMAEL,1
FUNDÃO,27,JOSE MARIA EYMAEL,1
COLÔNIA LEOPOLDINA,27,JOSE MARIA EYMAEL,2
PORTO DOS GAÚCHOS,27,JOSE MARIA EYMAEL,1
NOVA SANTA ROSA,27,JOSE MARIA EYMAEL,1
BOCA DO ACRE,27,JOSE MARIA EYMAEL,1
JUVENÍLIA,27,JOSE MARIA EYMAEL,1
LEOBERTO LEAL,27,JOSE MARIA EYMAEL,1
PASSO DE CAMARAGIBE,27,JOSE MARIA EYMAEL,1
BOA VISTA DO TUPIM,27,JOSE MARIA EYMAEL,1
SANTA RITA DO SAPUCAÍ,27,JOSE MARIA EYMAEL,2
MONTE ALEGRE DOS CAMPOS,27,JOSE MARIA EYMAEL,1
BANDEIRA DO SUL,27,JOSE MARIA EYMAEL,1
VALENÇA DO PIAUÍ,27,JOSE MARIA EYMAEL,1
CARLOS BARBOSA,27,JOSE MARIA EYMAEL,1
BREJO DE AREIA,27,JOSE MARIA EYMAEL,1
BOM JESUS DAS SELVAS,27,JOSE MARIA EYMAEL,1
SÃO JOÃO DO ARAGUAIA,27,JOSE MARIA EYMAEL,1
URANDI,27,JOSE MARIA EYMAEL,1
IRUPI,27,JOSE MARIA EYMAEL,1
PIRACURUCA,27,JOSE MARIA EYMAEL,1
COSTA MARQUES,27,JOSE MARIA EYMAEL,1
PRESIDENTE KENNEDY,27,JOSE MARIA EYMAEL,1
MONTE ALEGRE DE SERGIPE,27,JOSE MARIA EYMAEL,1
GUATEMALA,27,JOSE MARIA EYMAEL,1
MANOEL URBANO,27,JOSE MARIA EYMAEL,1
MUCURICI,27,JOSE MARIA EYMAEL,1
SAPÉ,27,JOSE MARIA EYMAEL,1
SÃO MIGUEL DO IGUAÇU,27,JOSE MARIA EYMAEL,1
GUIA LOPES DA LAGUNA,27,JOSE MARIA EYMAEL,1
ACARÁ,27,JOSE MARIA EYMAEL,1
LAVRAS DO SUL,27,JOSE MARIA EYMAEL,1
RIO PARDO,27,JOSE MARIA EYMAEL,1
MUÇUM,27,JOSE MARIA EYMAEL,1
VEREDINHA,27,JOSE MARIA EYMAEL,1
JOÃO LISBOA,27,JOSE MARIA EYMAEL,1
CORRENTE,27,JOSE MARIA EYMAEL,1
RUBIM,27,JOSE MARIA EYMAEL,1
